count	callee	no_raw	defs	def
871	xfree	0	1	crates/nvim/src/memory/mod.rs
739	.add	0	3	
454	.offset	0	0	
452	bytes_at	0	1	crates/nvim/src/cstr.rs
399	c_str	0	1	crates/nvim/src/message_fmt/mod.rs
282	CStr::from_ptr	0	2	
238	.offset_from	0	0	
228	at	0	3	
186	xstrdup	0	1	crates/nvim/src/memory/mod.rs
171	.as_ref	0	0	
171	dispatch	0	1	crates/nvim/src/lua/api_wrappers/mod.rs
164	xmalloc	0	1	crates/nvim/src/memory/mod.rs
153	from_raw_parts	0	0	
132	skipwhite	0	1	crates/nvim/src/charset/walk.rs
121	utf_ptr2char	0	1	crates/nvim/src/mbyte/utf8/mod.rs
121	utfc_ptr2len	0	1	crates/nvim/src/mbyte/utf8/mod.rs
109	vim_snprintf	0	1	crates/nvim/src/strings/printf/mod.rs
101	snprintf	0	1	crates/nvim/src/os/cshim.rs
98	cstr_to_string	0	1	crates/nvim/src/api/private/helpers/text.rs
86	nlua_pop_string	0	1	crates/nvim/src/lua/converter/pop.rs
84	xstrlcpy	0	1	crates/nvim/src/memory/mod.rs
83	zeroed	0	0	
81	starts_with	0	2	
79	nlua_pop_handle	0	1	crates/nvim/src/lua/converter/pop.rs
76	apply_autocmds	0	1	crates/nvim/src/autocmd/fire.rs
69	prefix_eq	0	1	crates/nvim/src/cstr.rs
67	from_raw_parts_mut	0	0	
62	nlua_pop_integer	0	1	crates/nvim/src/lua/converter/pop.rs
62	xmemdupz	0	1	crates/nvim/src/memory/mod.rs
57	set_vim_var_string	0	1	crates/nvim/src/eval/vars/vvar.rs
56	Live::new	0	1	crates/nvim/src/winlayer/live.rs
55	strequal	0	1	crates/nvim/src/memory/mod.rs
54	vim_strchr	0	1	crates/nvim/src/strings/mod.rs
53	copy	0	1	crates/nvim/src/strings/printf/emit.rs
52	abort	0	0	
52	utf_char2bytes	0	1	crates/nvim/src/mbyte/utf8/mod.rs
51	vim_regfree	0	1	crates/nvim/src/regexp/api.rs
50	Xp::new	0	68	
50	msg_ext_set_kind	0	1	crates/nvim/src/message/ext.rs
49	eq	0	1	crates/nvim/src/cstr.rs
47	.sub	0	0	
46	copy_nonoverlapping	0	0	
46	do_cmdline_cmd	0	1	crates/nvim/src/ex_docmd/cmdline.rs
46	xstrnsave	0	1	crates/nvim/src/strings/mod.rs
45	fprintf	0	0	
44	pop_keydict	0	1	crates/nvim/src/lua/api_wrappers/mod.rs
42	key_bytes	0	1	crates/nvim/src/api/private/dispatch/mod.rs
42	utf_head_off	0	1	crates/nvim/src/mbyte/walk.rs
40	copy_option_part	0	1	crates/nvim/src/option/query.rs
40	strcpy	0	0	
39	Tv::new	0	68	
39	emsg_ptr	0	1	crates/nvim/src/message/errors.rs
39	tv_copy	0	0	
38	shada_free_shada_entry	0	1	crates/nvim/src/shada/read.rs
37	vim_regcomp	0	1	crates/nvim/src/regexp/api.rs
36	ml_get_buf	0	1	crates/nvim/src/memline/lines.rs
35	fclose	0	0	
35	ga_init	0	1	crates/nvim/src/garray.rs
35	xcalloc	0	1	crates/nvim/src/memory/mod.rs
34	Qi::new	0	68	
33	os_isdir	0	1	crates/nvim/src/os/fs/mod.rs
33	undo_write_bytes	0	1	crates/nvim/src/undo/file.rs
33	vim_regexec	0	1	crates/nvim/src/regexp/api.rs
33	xstrlcat	0	1	crates/nvim/src/memory/mod.rs
32	Box::from_raw	0	9	
32	getdigits_int	0	1	crates/nvim/src/charset/walk.rs
32	os_path_exists	0	1	crates/nvim/src/os/fs/dir.rs
32	ptr2cells	0	1	crates/nvim/src/charset/display.rs
31	.copy_from_nonoverlapping	0	0	
31	f	0	0	
31	from	0	0	
31	ga_grow	0	1	crates/nvim/src/garray.rs
30	Term::new	0	1	crates/nvim/src/terminal/mod.rs
30	eq_bytes	0	1	crates/nvim/src/cstr.rs
29	.as_mut	0	0	
29	ml_replace	0	1	crates/nvim/src/memline/lines.rs
29	multiqueue_put_event	0	1	crates/nvim/src/event/multiqueue.rs
29	os_fileinfo	0	1	crates/nvim/src/os/fs/meta.rs
28	os_fopen	0	1	crates/nvim/src/os/fs/mod.rs
28	vim_strsize	0	1	crates/nvim/src/charset/display.rs
27	Frame::read	0	1	crates/nvim/src/option/didset.rs
27	add_nr	0	2	
27	grid_line_puts	0	1	crates/nvim/src/grid/line.rs
27	os_remove	0	0	
27	vim_snprintf_safelen	0	1	crates/nvim/src/strings/printf/mod.rs
26	Node::new	0	1	crates/nvim/src/marktree/node.rs
26	nlua_pop_boolean	0	1	crates/nvim/src/lua/converter/pop.rs
26	xmemcpyz	0	1	crates/nvim/src/memory/mod.rs
25	internal_error	0	1	crates/nvim/src/message/errors.rs
24	.copy_from	0	0	
24	Walk::new	0	2	
24	at_opt	0	2	
24	emsg	0	0	
24	nlua_push_array	0	1	crates/nvim/src/lua/converter/push_object.rs
23	callback_free	0	1	crates/nvim/src/eval/typval/watcher.rs
23	ml_append	0	1	crates/nvim/src/memline/lines.rs
23	skiptowhite	0	1	crates/nvim/src/charset/walk.rs
23	strcasecmp	0	0	
23	tv_clear	0	0	
23	utf_ptr2len	0	1	crates/nvim/src/mbyte/utf8/mod.rs
23	xrealloc	0	1	crates/nvim/src/memory/mod.rs
22	utf_ptr2cells	0	1	crates/nvim/src/mbyte/cells.rs
22	utfc_next	1	1	crates/nvim/src/mbyte/walk.rs
21	Fmark::new	0	1	crates/nvim/src/mark/store.rs
21	atoi	0	0	
21	aucmd_prepbuf	0	1	crates/nvim/src/autocmd/aucmdwin.rs
21	eval1	0	1	crates/nvim/src/eval/expr/level.rs
21	free_wild	0	1	crates/nvim/src/path/expand.rs
21	init_charsize_arg	0	1	crates/nvim/src/plines/mod.rs
21	mf_put	0	1	crates/nvim/src/memfile/mod.rs
21	nlua_push_dict	0	1	crates/nvim/src/lua/converter/push_object.rs
21	os_dirname	0	1	crates/nvim/src/os/fs/mod.rs
21	slice_at	0	1	crates/nvim/src/cstr.rs
21	try_leave	0	1	crates/nvim/src/api/private/helpers/mod.rs
21	win_charsize	0	1	crates/nvim/src/plines/mod.rs
20	.get	0	8	
20	Buf::new	0	1	crates/nvim/src/winlayer.rs
20	aucmd_restbuf	0	1	crates/nvim/src/autocmd/aucmdwin.rs
20	find	0	5	
20	gchar_pos	0	1	crates/nvim/src/memline/lines.rs
20	home_replace	0	1	crates/nvim/src/os/env/dirs.rs
20	msg_ptr	0	1	crates/nvim/src/message/mod.rs
20	nlua_push_integer	0	1	crates/nvim/src/lua/converter/push_object.rs
20	nlua_push_object	0	1	crates/nvim/src/lua/converter/push_object.rs
20	try_enter	0	1	crates/nvim/src/api/private/helpers/mod.rs
19	api_free_luaref	1	1	crates/nvim/src/lua/executor/refs.rs
19	arena_mem_free	0	1	crates/nvim/src/memory/arena.rs
19	channel_decref	0	1	crates/nvim/src/channel/mod.rs
19	convert_setup	0	1	crates/nvim/src/mbyte/convert.rs
19	dict_set_var	0	1	crates/nvim/src/api/private/helpers/vimdict.rs
19	emsg_funcname	0	1	crates/nvim/src/eval/userfunc/name.rs
19	path_fnamecmp	0	0	
18	Db::new	0	68	
18	clear_evalarg	0	1	crates/nvim/src/eval/expr/level.rs
18	find_func	0	1	crates/nvim/src/eval/userfunc/name.rs
18	path_tail	0	1	crates/nvim/src/path/names.rs
18	uv_strerror	0	0	
18	vim_fgets	0	1	crates/nvim/src/fileio/mod.rs
18	xmallocz	0	1	crates/nvim/src/memory/mod.rs
17	.write	0	0	
17	Op::new	0	68	
17	Reader::new	0	1	crates/nvim/src/event/rstream.rs
17	Win::new	0	1	crates/nvim/src/winlayer.rs
17	add_str	0	5	
17	concat_str	0	1	crates/nvim/src/strings/mod.rs
17	full_name_save	0	1	crates/nvim/src/path/mod.rs
17	nlua_pop_object	0	1	crates/nvim/src/lua/converter/pop_object.rs
17	utf_ptr2str_char_info	0	1	crates/nvim/src/mbyte/walk.rs
17	value_check_lock	0	1	crates/nvim/src/eval/typval/value.rs
16	Di::new	0	68	
16	Ui::new	0	68	
16	append_to_redobuff	0	1	crates/nvim/src/getchar/redo.rs
16	concat_fnames	0	1	crates/nvim/src/path/names.rs
16	do_cmdline	0	1	crates/nvim/src/ex_docmd/cmdline.rs
16	getvcol	0	1	crates/nvim/src/plines/vcol.rs
16	ins_typebuf	0	1	crates/nvim/src/getchar/typeahead.rs
16	ml_find_line	0	1	crates/nvim/src/memline/tree.rs
16	nlua_exec	0	1	crates/nvim/src/lua/executor/exec.rs
15	Name::from_ptr	0	1	crates/nvim/src/file_search/mod.rs
15	String_0::from_owned_parts	0	1	crates/nvim/src/api/private/helpers/text.rs
15	Uf::new	0	68	
15	XString::from_raw	0	1	crates/nvim/src/memory/xstring.rs
15	buflist_new	0	1	crates/nvim/src/buffer/list.rs
15	callback_call	0	1	crates/nvim/src/eval/callback.rs
15	ga_clear	0	1	crates/nvim/src/garray.rs
15	ga_clear_strings	0	1	crates/nvim/src/garray.rs
15	getvvcol	0	1	crates/nvim/src/plines/vcol.rs
15	hash_init	0	1	crates/nvim/src/hashtab.rs
15	restore_v_event	0	1	crates/nvim/src/eval/entry.rs
15	tv_dict_item_free	0	1	crates/nvim/src/eval/typval/dictitem.rs
14	Bytes::new	0	1	crates/nvim/src/charset/mod.rs
14	NormalStateRef::new	0	1	crates/nvim/src/normal/state.rs
14	after_pathsep	0	1	crates/nvim/src/path/names.rs
14	c_str_len	0	1	crates/nvim/src/message_fmt/mod.rs
14	hash_add	0	1	crates/nvim/src/hashtab.rs
14	mb_ptr2char_adv	0	1	crates/nvim/src/mbyte/utf8/mod.rs
14	os_fileinfo_link	0	1	crates/nvim/src/os/fs/meta.rs
14	spell_iswordp	0	1	crates/nvim/src/spell/chartab.rs
14	state_at	1	1	crates/nvim/src/syntax/items.rs
14	string_convert	0	1	crates/nvim/src/mbyte/convert.rs
14	vim_iswordp	0	1	crates/nvim/src/charset/mod.rs
13	Shl::new	0	68	
13	block_prep	0	1	crates/nvim/src/ops/block.rs
13	cbuf_to_string	0	1	crates/nvim/src/api/private/helpers/text.rs
13	close	0	0	
13	corruption_error	0	1	crates/nvim/src/undo/file.rs
13	enc_canonize	0	1	crates/nvim/src/mbyte/encoding/mod.rs
13	get_v_event	0	1	crates/nvim/src/eval/entry.rs
13	get_yank_register	0	1	crates/nvim/src/register/store.rs
13	mb_cptr2char_adv	0	1	crates/nvim/src/mbyte/utf8/mod.rs
13	nlua_set_sctx	0	1	crates/nvim/src/lua/executor/ucmd.rs
13	notify	0	1	crates/nvim/src/mpack/lmpack/session.rs
13	partial_name	0	1	crates/nvim/src/eval/expr/call.rs
13	schar_get	0	1	crates/nvim/src/grid/schar.rs
13	syn_name2id	0	1	crates/nvim/src/highlight_group/table.rs
13	undo_read_4c	0	1	crates/nvim/src/undo/file.rs
13	vim_full_name	0	1	crates/nvim/src/path/mod.rs
13	vim_strsave_escaped	0	1	crates/nvim/src/strings/escape.rs
13	vterm_dealloc	0	1	crates/nvim/src/vterm/vterm.rs
12	.put	0	3	
12	Rex::acquire	1	1	crates/nvim/src/regexp/rex.rs
12	dict_watcher_notify	0	1	crates/nvim/src/eval/typval/watcher.rs
12	encode_tv2echo	0	1	crates/nvim/src/eval/encode/mod.rs
12	eval0	0	1	crates/nvim/src/eval/expr/level.rs
12	expand_one	0	1	crates/nvim/src/cmdexpand/expandone.rs
12	get_leader_len	0	1	crates/nvim/src/change/leader.rs
12	luaL_error	0	0	
12	mainerr	0	1	crates/nvim/src/startup/usage.rs
12	mb_get_class	0	1	crates/nvim/src/mbyte/class.rs
12	mb_strnicmp	0	1	crates/nvim/src/mbyte/case.rs
12	path_full_compare	0	1	crates/nvim/src/path/compare.rs
12	qsort	0	0	
12	spell_iswordp_nmw	0	1	crates/nvim/src/spell/chartab.rs
12	tabstop_padding	0	1	crates/nvim/src/indent/mod.rs
12	unref_extmatch	0	1	crates/nvim/src/regexp/context.rs
11	Child::new	0	1	crates/nvim/src/event/proc.rs
11	Dt::new	0	68	
11	EventLoop::new	0	1	crates/nvim/src/event/loop.rs
11	OptStr::borrowing	0	1	crates/nvim/src/option/value.rs
11	Qfe::new	0	68	
11	Screen::of	0	1	crates/nvim/src/vterm/screen/mod.rs
11	call_func	0	1	crates/nvim/src/eval/userfunc/dispatch.rs
11	dispatch_fast	0	1	crates/nvim/src/lua/api_wrappers/mod.rs
11	do_ecmd	0	1	crates/nvim/src/ex_cmds/ecmd/mod.rs
11	encode_tv2string	0	1	crates/nvim/src/eval/encode/mod.rs
11	ex_msg	0	1	crates/nvim/src/ex_docmd/source.rs
11	fix_fname	0	1	crates/nvim/src/path/mod.rs
11	free_fmark	1	1	crates/nvim/src/mark/mod.rs
11	hash_find	0	1	crates/nvim/src/hashtab.rs
11	optval_from_varp	1	1	crates/nvim/src/option/value.rs
11	os_env_exists	0	1	crates/nvim/src/os/env/mod.rs
11	os_open	0	1	crates/nvim/src/os/fs/mod.rs
11	path_is_absolute	0	0	
11	process_events_until	0	1	crates/nvim/src/event/loop.rs
11	same_name	0	1	crates/nvim/src/eval/funcs/runtime.rs
11	shift	0	1	crates/nvim/src/option/stropt.rs
11	take_arg	1	1	crates/nvim/src/ui_client.rs
11	time	0	0	
11	tv_dict_item_alloc_len	0	1	crates/nvim/src/eval/typval/dictitem.rs
11	tv_dict_unref	0	1	crates/nvim/src/eval/typval/dict.rs
11	tv_free	1	1	crates/nvim/src/eval/typval/value.rs
11	vim_str2nr	0	1	crates/nvim/src/charset/mod.rs
11	vterm_alloc	0	1	crates/nvim/src/vterm/vterm.rs
11	write	0	0	
10	.replace	0	4	
10	.write_bytes	0	0	
10	Fc::new	0	68	
10	ListRef::retained	0	1	crates/nvim/src/eval/typval/list.rs
10	Pb::new	0	68	
10	Pe::new	0	68	
10	PosRef::new	0	1	crates/nvim/src/winlayer.rs
10	Queue::new	0	1	crates/nvim/src/event/multiqueue.rs
10	Scan::new	0	4	
10	Screen::at	0	1	crates/nvim/src/vterm/screen/mod.rs
10	Tk::of	0	1	crates/nvim/src/tui/termkey/termkey.rs
10	apply_autocmds_group	0	1	crates/nvim/src/autocmd/fire.rs
10	byte_at	0	1	crates/nvim/src/plines/mod.rs
10	cbytes	0	2	
10	cleanup_conditionals	0	1	crates/nvim/src/ex_eval/mod.rs
10	clear_virttext	0	1	crates/nvim/src/decoration/mod.rs
10	do_unlet	0	1	crates/nvim/src/eval/vars/unlet.rs
10	emsg_multiline	0	1	crates/nvim/src/message/errors.rs
10	evaluating	0	4	
10	expand_env	0	1	crates/nvim/src/os/env/expand.rs
10	expand_init	0	1	crates/nvim/src/cmdexpand/expandone.rs
10	fill_evalarg_from_eap	0	1	crates/nvim/src/eval/entry.rs
10	find_word_end	0	1	crates/nvim/src/insexpand/text.rs
10	get_y_register	0	1	crates/nvim/src/register/store.rs
10	give_warning	0	1	crates/nvim/src/message/errors.rs
10	hash_lookup	0	1	crates/nvim/src/hashtab.rs
10	memchrsub	0	1	crates/nvim/src/memory/mod.rs
10	mf_fname	0	1	crates/nvim/src/memfile/swapfile.rs
10	msg_sb_start	0	1	crates/nvim/src/message/scrollback.rs
10	nlua_pop_array	0	1	crates/nvim/src/lua/converter/pop.rs
10	nlua_push_boolean	0	1	crates/nvim/src/lua/converter/push_object.rs
10	normalize_index	0	1	crates/nvim/src/api/private/helpers/text.rs
10	option_set_callback_func	0	1	crates/nvim/src/option/query.rs
10	os_setperm	0	0	
10	qf_get_list	0	1	crates/nvim/src/quickfix/stack.rs
10	schar_get_first_codepoint	1	1	crates/nvim/src/grid/schar.rs
10	searchit	0	1	crates/nvim/src/search/find.rs
10	set_keep_msg	0	1	crates/nvim/src/message/mod.rs
10	set_ref_in_callback	0	1	crates/nvim/src/eval/callback.rs
10	set_ref_in_item	0	1	crates/nvim/src/eval/collect.rs
10	shada_pack_entry	0	1	crates/nvim/src/shada/pack.rs
10	state_of	0	1	crates/nvim/src/vterm/state/entry.rs
10	strchr	0	1	crates/nvim/src/os/cshim.rs
10	strncasecmp	0	1	crates/nvim/src/os/cshim.rs
9	Cursor::new	0	3	
9	DictRef::owning	0	1	crates/nvim/src/eval/typval/dict.rs
9	DictRef::retained	0	1	crates/nvim/src/eval/typval/dict.rs
9	GridRef::new	0	1	crates/nvim/src/grid/mod.rs
9	Ln::new	0	1	crates/nvim/src/change/open_line/smart.rs
9	Node::from_ptr	0	1	crates/nvim/src/marktree/node.rs
9	add_suggestion	0	1	crates/nvim/src/spellsuggest/collect.rs
9	channel_incref	0	1	crates/nvim/src/channel/mod.rs
9	check_nextcmd	0	1	crates/nvim/src/ex_docmd/scan.rs
9	cstrncmp	0	1	crates/nvim/src/regexp/mbyte.rs
9	db_line_start	1	1	crates/nvim/src/memline/tree.rs
9	do_put	0	1	crates/nvim/src/register/put/mod.rs
9	free_register	0	1	crates/nvim/src/register/store.rs
9	get_unsigned_int	0	1	crates/nvim/src/strings/printf/spec.rs
9	gettext_ptr	0	1	crates/nvim/src/os/cshim.rs
9	hash_remove	0	1	crates/nvim/src/hashtab.rs
9	home_replace_save	0	1	crates/nvim/src/os/env/dirs.rs
9	iemsg_ptr	0	1	crates/nvim/src/message/errors.rs
9	linegrid	0	1	crates/nvim/src/api/ui/events.rs
9	mb_charlen	0	1	crates/nvim/src/mbyte/walk.rs
9	nlua_push_handle	0	1	crates/nvim/src/lua/converter/push_object.rs
9	parse_match	0	1	crates/nvim/src/tag/jump.rs
9	prompt_for_input	0	1	crates/nvim/src/input.rs
9	push_call	0	1	crates/nvim/src/api/ui/packer.rs
9	put_str	0	2	
9	read_redo	1	1	crates/nvim/src/getchar/redo.rs
9	rpc_send_event	0	1	crates/nvim/src/msgpack_rpc/channel/mod.rs
9	shada_key	0	1	crates/nvim/src/shada/mod.rs
9	spell_casefold	0	1	crates/nvim/src/spell/chartab.rs
9	spell_soundfold	0	1	crates/nvim/src/spell/soundfold.rs
9	state_top	1	1	crates/nvim/src/syntax/items.rs
9	strcat	0	0	
9	tv_get_number	0	0	
9	utfc_ptr2len_len	0	1	crates/nvim/src/mbyte/utf8/mod.rs
9	win_chartabsize	0	1	crates/nvim/src/plines/mod.rs
8	.bytes	0	3	
8	Buf::from_raw	0	1	crates/nvim/src/winlayer.rs
8	Conn::new	0	1	crates/nvim/src/event/stream.rs
8	Cur::new	0	1	crates/nvim/src/eval/expr/level.rs
8	Lv::new	0	68	
8	Self::new	0	68	
8	alist_name	0	1	crates/nvim/src/arglist/mod.rs
8	captype	0	1	crates/nvim/src/spell/chartab.rs
8	clear_lval	0	1	crates/nvim/src/eval/lval.rs
8	decor_provider_invoke	0	1	crates/nvim/src/decoration_provider.rs
8	dict_add_nr	0	4	
8	dict_add_str	0	3	
8	do_in_path	0	1	crates/nvim/src/runtime/search.rs
8	do_intthrow	0	1	crates/nvim/src/ex_eval/exception.rs
8	do_source	0	1	crates/nvim/src/runtime/source.rs
8	eval_has_provider	0	1	crates/nvim/src/eval/provider.rs
8	eval_to_string	0	1	crates/nvim/src/eval/entry.rs
8	event_name2nr	0	1	crates/nvim/src/autocmd/events.rs
8	expand_wildcards	0	1	crates/nvim/src/path/expand.rs
8	find_var	0	1	crates/nvim/src/eval/vars/lookup.rs
8	get_var_value	0	1	crates/nvim/src/eval/vars/lookup.rs
8	hash_add_item	0	1	crates/nvim/src/hashtab.rs
8	hash_hash	0	1	crates/nvim/src/hashtab.rs
8	hash_lock	0	1	crates/nvim/src/hashtab.rs
8	init_var_dict	0	1	crates/nvim/src/eval/vars/lifecycle.rs
8	ins_str	0	1	crates/nvim/src/change/text.rs
8	lua_gettop	0	0	
8	make_case_word	0	1	crates/nvim/src/spell/chartab.rs
8	mark_get	0	1	crates/nvim/src/mark/lookup.rs
8	ml_replace_buf	0	1	crates/nvim/src/memline/lines.rs
8	modname	0	1	crates/nvim/src/fileio/names.rs
8	nlua_push_string	0	1	crates/nvim/src/lua/converter/push_object.rs
8	object_to_hl_id	0	1	crates/nvim/src/api/private/helpers/value.rs
8	opt_strings_mask	0	1	crates/nvim/src/optionstr/flags.rs
8	os_chdir	0	0	
8	os_fileinfo_id_equal	0	1	crates/nvim/src/os/fs/meta.rs
8	path_with_url	0	0	
8	pos_to_mark	0	1	crates/nvim/src/mark/mod.rs
8	send	0	3	
8	terminal_check_size	0	1	crates/nvim/src/terminal/mod.rs
8	time_msg	0	1	crates/nvim/src/profile/startuptime.rs
8	tv_dict_item_remove	0	1	crates/nvim/src/eval/typval/dictitem.rs
8	tv_dict_iter	0	1	crates/nvim/src/eval/typval/access.rs
8	utf_ptr2len_len	0	1	crates/nvim/src/mbyte/utf8/mod.rs
8	uv_close	0	0	
8	vim_getenv	0	1	crates/nvim/src/os/env/dirs.rs
8	vim_rename	0	1	crates/nvim/src/fileio/names.rs
7	.add_or_free	0	1	crates/nvim/src/eval/typval/dict.rs
7	.list	1	2	crates/nvim/src/usercmd/mod.rs
7	FoldList::new	0	1	crates/nvim/src/fold/list.rs
7	Qfl::new	0	68	
7	Watcher::new	0	1	crates/nvim/src/event/socket/mod.rs
7	add_pathsep	0	1	crates/nvim/src/path/names.rs
7	additional_data_len	0	1	crates/nvim/src/shada/pack.rs
7	append_to_redobuff_literally	0	1	crates/nvim/src/getchar/redo.rs
7	augroup_find	0	1	crates/nvim/src/autocmd/groups.rs
7	callback_from_typval	0	1	crates/nvim/src/eval/callback.rs
7	change_warning	1	1	crates/nvim/src/change/flag.rs
7	channel_alloc	0	1	crates/nvim/src/channel/mod.rs
7	cmdline_fuzzy_complete	0	1	crates/nvim/src/cmdexpand/escape.rs
7	do_search	0	1	crates/nvim/src/search/command.rs
7	dump_additional_data	0	1	crates/nvim/src/shada/pack.rs
7	eval_call_provider	0	1	crates/nvim/src/eval/provider.rs
7	expand_env_save	0	1	crates/nvim/src/os/env/expand.rs
7	file_open	0	1	crates/nvim/src/os/fileio.rs
7	file_pat_to_reg_pat	0	1	crates/nvim/src/fileio/names.rs
7	find_ident_under_cursor	0	1	crates/nvim/src/normal/identfind.rs
7	func_ref	0	1	crates/nvim/src/eval/userfunc/funccall.rs
7	ga_append	0	1	crates/nvim/src/garray.rs
7	ga_concat_cstr	0	1	crates/nvim/src/testing/report.rs
7	ga_concat_len	0	1	crates/nvim/src/garray.rs
7	gen_expand_wildcards	0	1	crates/nvim/src/path/expand.rs
7	ignorecase	0	1	crates/nvim/src/search/pattern.rs
7	in_id_list	0	1	crates/nvim/src/syntax/options.rs
7	ins_char_bytes	0	1	crates/nvim/src/change/text.rs
7	ins_compl_insert_bytes	0	1	crates/nvim/src/insexpand/insert.rs
7	list_hashtable_vars	0	1	crates/nvim/src/eval/vars/listing.rs
7	mb_string2cells	0	1	crates/nvim/src/mbyte/cells.rs
7	memchr	0	0	
7	mf_get	0	1	crates/nvim/src/memfile/mod.rs
7	ml_append_buf	0	1	crates/nvim/src/memline/lines.rs
7	multiqueue_process_events	0	1	crates/nvim/src/event/multiqueue.rs
7	nvim_buf_set_lines	0	1	crates/nvim/src/api/buffer/lines.rs
7	os_getperm	0	1	crates/nvim/src/os/fs/meta.rs
7	os_mkdir_recurse	0	1	crates/nvim/src/os/fs/dir.rs
7	put	0	3	
7	put_eol	0	1	crates/nvim/src/ex_session/mod.rs
7	put_header_link	0	1	crates/nvim/src/undo/file.rs
7	putc	0	0	
7	qf_list_empty	0	1	crates/nvim/src/quickfix/list.rs
7	readfile	0	1	crates/nvim/src/fileio/read.rs
7	restore_funccal	1	1	crates/nvim/src/eval/userfunc/funccall.rs
7	restore_win_noblock	0	1	crates/nvim/src/eval/window/switch.rs
7	save_funccal	0	1	crates/nvim/src/eval/userfunc/funccall.rs
7	set_chars_option	0	1	crates/nvim/src/optionstr/chars.rs
7	set_string_default	0	1	crates/nvim/src/option/defaults.rs
7	skip_regexp	0	1	crates/nvim/src/regexp/parse.rs
7	strnequal	0	1	crates/nvim/src/memory/mod.rs
7	tabstop_count	0	1	crates/nvim/src/indent/mod.rs
7	ui_comp_remove_grid	0	1	crates/nvim/src/ui_compositor/mod.rs
7	utf_composinglike	0	1	crates/nvim/src/mbyte/utf8/mod.rs
7	var_check_ro	0	1	crates/nvim/src/eval/vars/store.rs
7	vim_findfile_cleanup	0	1	crates/nvim/src/file_search/init.rs
7	vim_is_abs_name	0	0	
7	vim_isprintc	0	0	
7	vim_regexec_nl	0	1	crates/nvim/src/regexp/api.rs
7	xfree_clear	0	1	crates/nvim/src/spell/slang.rs
6	.finish_value	1	1	crates/nvim/src/eval/decode/json/stack.rs
6	.push	0	2	
6	.set	1	3	
6	CText::new	0	1	crates/nvim/src/menu/mod.rs
6	ClickArena::new	0	1	crates/nvim/src/statusline/mod.rs
6	PartialRef::owning	0	1	crates/nvim/src/eval/typval/partial.rs
6	Sh::new	0	1	crates/nvim/src/decoration/handles.rs
6	String_0::from_raw_bytes	0	1	crates/nvim/src/api/private/helpers/text.rs
6	Timer::new	0	1	crates/nvim/src/event/time.rs
6	Tm::new	0	68	
6	Win::from_raw	0	1	crates/nvim/src/winlayer.rs
6	Xfmark::new	0	1	crates/nvim/src/mark/store.rs
6	apply_autocmds_exarg	0	1	crates/nvim/src/autocmd/fire.rs
6	arena_alloc	0	1	crates/nvim/src/memory/arena.rs
6	aucmd_del	0	1	crates/nvim/src/autocmd/cleanup.rs
6	aucmd_span_pattern	0	1	crates/nvim/src/autocmd/define.rs
6	augroup_exists	0	1	crates/nvim/src/autocmd/groups.rs
6	b0_store_number	0	0	
6	buf_check_timestamp	1	1	crates/nvim/src/fileio/timestamp.rs
6	buflist_findname_exp	0	1	crates/nvim/src/buffer/list.rs
6	bytes_at_or_empty	0	1	crates/nvim/src/cstr.rs
6	bytes_of	0	1	crates/nvim/src/runtime/rtp.rs
6	cat_prefix_varname	0	1	crates/nvim/src/eval/vars/lookup.rs
6	chan_close_on_err	0	1	crates/nvim/src/msgpack_rpc/channel/mod.rs
6	channel_close	0	1	crates/nvim/src/channel/mod.rs
6	channel_create_event	0	1	crates/nvim/src/channel/info.rs
6	cleanup_suggestions	0	1	crates/nvim/src/spellsuggest/collect.rs
6	decode_string	0	1	crates/nvim/src/eval/decode/mod.rs
6	delete_fold_recurse	0	1	crates/nvim/src/fold/mod.rs
6	dict_extend	0	1	crates/nvim/src/eval/typval/dict.rs
6	dict_get_callback	0	0	
6	did_set_option_listflag	0	1	crates/nvim/src/optionstr/flags.rs
6	do_dialog	0	1	crates/nvim/src/message/dialog.rs
6	do_markset_autocmd	0	1	crates/nvim/src/mark/mod.rs
6	eval_variable	0	1	crates/nvim/src/eval/vars/lookup.rs
6	expand_cleanup	0	1	crates/nvim/src/cmdexpand/expandone.rs
6	expand_set_opt_listflag	0	1	crates/nvim/src/optionstr/expand.rs
6	filemess	0	1	crates/nvim/src/fileio/mod.rs
6	fill_assert_error	0	1	crates/nvim/src/testing/report.rs
6	find_name_end	0	1	crates/nvim/src/eval/name.rs
6	find_word	1	1	crates/nvim/src/spell/lookup.rs
6	find_word_start	0	1	crates/nvim/src/insexpand/text.rs
6	flag_in_afflist	0	1	crates/nvim/src/spellfile/flags.rs
6	free_spat	1	1	crates/nvim/src/search/pattern.rs
6	free_string_option	0	1	crates/nvim/src/optionstr/check.rs
6	free_xfmark	1	1	crates/nvim/src/mark/mod.rs
6	fseeko	0	0	
6	get_fio_flags	0	1	crates/nvim/src/fileio/convert.rs
6	getdigits	0	1	crates/nvim/src/charset/walk.rs
6	getline_equal	0	1	crates/nvim/src/ex_docmd/source.rs
6	getvcols	0	1	crates/nvim/src/plines/vcol.rs
6	globpath	0	1	crates/nvim/src/cmdexpand/userfunc.rs
6	handler	0	0	
6	hash_unlock	0	1	crates/nvim/src/hashtab.rs
6	hl_msg_push	1	1	crates/nvim/src/message/mod.rs
6	list_copy	0	1	crates/nvim/src/eval/typval/listops.rs
6	list_unref	0	1	crates/nvim/src/eval/typval/list.rs
6	lua_pushlstring	0	0	
6	lua_pushnil	0	0	
6	mb_get_class_tab	0	1	crates/nvim/src/mbyte/class.rs
6	mb_prevptr	0	1	crates/nvim/src/mbyte/walk.rs
6	mb_unescape	0	1	crates/nvim/src/mbyte/mod.rs
6	mf_sync	0	1	crates/nvim/src/memfile/mod.rs
6	mpack_raw	0	1	crates/nvim/src/msgpack_rpc/packer/mod.rs
6	msg_keep	0	1	crates/nvim/src/message/mod.rs
6	msg_multiline	0	1	crates/nvim/src/message/mod.rs
6	nextwild	0	1	crates/nvim/src/cmdexpand/expandone.rs
6	nlua_call_ref	0	1	crates/nvim/src/lua/executor/exec.rs
6	open_line	0	2	
6	os_fileid	0	1	crates/nvim/src/os/fs/meta.rs
6	os_getenv	0	1	crates/nvim/src/os/env/mod.rs
6	os_getenv_into	0	1	crates/nvim/src/os/env/mod.rs
6	packer_take_string	1	1	crates/nvim/src/msgpack_rpc/packer/mod.rs
6	path_shorten_fname	0	1	crates/nvim/src/path/unique.rs
6	proc_stop	0	1	crates/nvim/src/event/proc.rs
6	put_bytes	0	2	
6	put_nr	0	2	
6	qf_add_entry	0	1	crates/nvim/src/quickfix/list.rs
6	qf_free	0	1	crates/nvim/src/quickfix/list.rs
6	qf_new_list	0	1	crates/nvim/src/quickfix/list.rs
6	qf_stack_empty	0	1	crates/nvim/src/quickfix/stack.rs
6	read_autocmd	0	1	crates/nvim/src/fileio/open.rs
6	rem_backslash	0	1	crates/nvim/src/charset/mod.rs
6	report_make_pending	0	1	crates/nvim/src/ex_eval/exception.rs
6	rewind_conditionals	0	1	crates/nvim/src/ex_eval/mod.rs
6	rstream_may_close	0	1	crates/nvim/src/event/rstream.rs
6	rstream_start	0	1	crates/nvim/src/event/rstream.rs
6	schar_cells	1	1	crates/nvim/src/grid/schar.rs
6	schar_from_buf	0	1	crates/nvim/src/grid/schar.rs
6	set_context	0	1	crates/nvim/src/usercmd/complete.rs
6	set_internal_string_var	0	1	crates/nvim/src/eval/vars/lifecycle.rs
6	set_option_varp	1	1	crates/nvim/src/option/value.rs
6	skip_regexp_ex	0	1	crates/nvim/src/regexp/parse.rs
6	spell_check	0	1	crates/nvim/src/spell/check.rs
6	spell_move_to	0	1	crates/nvim/src/spell/navigate.rs
6	strstr	0	1	crates/nvim/src/os/cshim.rs
6	stuff_readbuf_len	0	1	crates/nvim/src/getchar/buffers.rs
6	tabstop_set	0	1	crates/nvim/src/indent/mod.rs
6	trans_function_name	0	1	crates/nvim/src/eval/userfunc/name.rs
6	tv_dict_item_alloc	0	1	crates/nvim/src/eval/typval/dictitem.rs
6	tv_item_lock	0	1	crates/nvim/src/eval/typval/value.rs
6	u_free_uhp	0	1	crates/nvim/src/undo/file.rs
6	u_freebranch	0	1	crates/nvim/src/undo/tree.rs
6	undo_write	0	1	crates/nvim/src/undo/file.rs
6	update_si_attr	1	1	crates/nvim/src/syntax/items.rs
6	utfc_ptr2schar	0	1	crates/nvim/src/mbyte/utf8/mod.rs
6	var2fpos	0	1	crates/nvim/src/eval/pos.rs
6	vim_isfilec	0	0	
6	vim_regexec_multi	0	1	crates/nvim/src/regexp/api.rs
6	vim_vsnprintf_typval	0	1	crates/nvim/src/strings/printf/emit.rs
6	window_langs	1	1	crates/nvim/src/spellsuggest/mod.rs
6	wordtree_compress	0	1	crates/nvim/src/spellfile/wordtree.rs
6	write_bytes	0	0	
5	.advance_color_col	1	1	crates/nvim/src/drawline/state.rs
5	.next	0	1	crates/nvim/src/match/searchhl.rs
5	.note_error	0	1	crates/nvim/src/fileio/convert.rs
5	.quoted	0	2	
5	.run	0	4	
5	.save_str	0	1	crates/nvim/src/spellfile/wordtree.rs
5	COwned::new	0	1	crates/nvim/src/mapping/table.rs
5	Chan::new	0	1	crates/nvim/src/msgpack_rpc/channel/mod.rs
5	Chars::new	0	1	crates/nvim/src/charset/display.rs
5	Fmt::copy_of	0	1	crates/nvim/src/statusline/mod.rs
5	Header::new	0	1	crates/nvim/src/undo/store.rs
5	Ls::new	0	68	
5	ManuallyDrop::take	0	1	crates/nvim/src/change/leader.rs
5	Mp::new	0	68	
5	Pt::new	0	68	
5	Range::new	0	1	crates/nvim/src/decoration/handles.rs
5	Rsm::acquire	1	1	crates/nvim/src/regexp/submatch.rs
5	ShlWalk::new	0	1	crates/nvim/src/match/searchhl.rs
5	Si::new	0	68	
5	Signal::new	0	1	crates/nvim/src/event/signal.rs
5	add_scanned_word	0	1	crates/nvim/src/insexpand/sources.rs
5	add_tag_field	0	1	crates/nvim/src/tag/query.rs
5	api_dict_to_keydict	0	1	crates/nvim/src/api/private/helpers/keydict.rs
5	aupat_is_buflocal	0	1	crates/nvim/src/autocmd/cleanup.rs
5	block_str	0	1	crates/nvim/src/getchar/buffers.rs
5	buf_write	0	1	crates/nvim/src/bufwrite/mod.rs
5	callback_copy	0	1	crates/nvim/src/eval/typval/watcher.rs
5	channel_proc	0	1	crates/nvim/src/channel/mod.rs
5	charsize_regular	0	1	crates/nvim/src/plines/mod.rs
5	check_suggestions	0	1	crates/nvim/src/spellsuggest/collect.rs
5	clear_oparg	0	1	crates/nvim/src/ops/pending.rs
5	close_file	0	1	crates/nvim/src/shada/file.rs
5	cmdline_fuzzy_completion_supported	0	1	crates/nvim/src/cmdexpand/escape.rs
5	concat_fnames_realloc	0	1	crates/nvim/src/path/names.rs
5	cstrchr	0	1	crates/nvim/src/regexp/mbyte.rs
5	ctx_free	0	1	crates/nvim/src/context.rs
5	dbg_find_breakpoint	0	1	crates/nvim/src/debugger/mod.rs
5	dict_get_value	0	1	crates/nvim/src/api/private/helpers/vimdict.rs
5	diff_check_with_linestatus	0	1	crates/nvim/src/diff/fold.rs
5	do_arglist	0	1	crates/nvim/src/arglist/mod.rs
5	do_doautocmd	0	1	crates/nvim/src/autocmd/trigger.rs
5	do_in_runtimepath	0	1	crates/nvim/src/runtime/search.rs
5	do_throw	0	1	crates/nvim/src/ex_eval/trycmd.rs
5	enc_canon_props	0	1	crates/nvim/src/mbyte/encoding/mod.rs
5	eval0_simple_funccal	0	1	crates/nvim/src/eval/expr/level.rs
5	event_ignored	0	1	crates/nvim/src/autocmd/events.rs
5	expand_runtime_dir	0	1	crates/nvim/src/runtime/expand.rs
5	fgets	0	0	
5	find_first_blank	0	1	crates/nvim/src/textobject/sent.rs
5	find_internal_func	0	1	crates/nvim/src/eval/funcs/wrappers.rs
5	find_tags	0	1	crates/nvim/src/tag/scan.rs
5	find_var_in_ht	0	1	crates/nvim/src/eval/vars/lookup.rs
5	fputs	0	0	
5	free_luaref	1	1	crates/nvim/src/usercmd/mod.rs
5	func_unref	0	1	crates/nvim/src/eval/userfunc/funccall.rs
5	fuzzy_match_str	0	0	
5	ga_append_via_ptr	0	1	crates/nvim/src/garray.rs
5	get_affitem	0	1	crates/nvim/src/spellfile/flags.rs
5	get_lval	0	1	crates/nvim/src/eval/lval.rs
5	get_reg_contents	0	1	crates/nvim/src/register/contents.rs
5	getuid	0	0	
5	gotchars	0	1	crates/nvim/src/getchar/record.rs
5	group_get_ns	0	1	crates/nvim/src/sign/store.rs
5	has_non_ascii	0	1	crates/nvim/src/strings/mod.rs
5	hash_find_len	0	1	crates/nvim/src/hashtab.rs
5	hl_msg_free	1	1	crates/nvim/src/message/history.rs
5	hlattrs2dict	1	1	crates/nvim/src/highlight/dict.rs
5	iconv	0	0	
5	input_get	0	1	crates/nvim/src/os/input.rs
5	ins_bytes_len	0	1	crates/nvim/src/change/text.rs
5	ins_compl_add	0	1	crates/nvim/src/insexpand/matchlist.rs
5	ins_compl_equal	0	1	crates/nvim/src/insexpand/matchlist.rs
5	key	0	4	
5	list2fpos	0	1	crates/nvim/src/eval/pos.rs
5	lua_createtable	0	0	
5	lua_pushboolean	0	0	
5	lua_type	0	0	
5	map_walk	1	1	crates/nvim/src/mapping/table.rs
5	match_add	0	1	crates/nvim/src/match/mod.rs
5	mb_copy_char	0	1	crates/nvim/src/mbyte/walk.rs
5	mb_strcmp_ic	0	1	crates/nvim/src/mbyte/case.rs
5	mpack_tokbuf_init	0	1	crates/nvim/src/mpack/mpack_core.rs
5	multiqueue_empty	0	1	crates/nvim/src/event/multiqueue.rs
5	multiqueue_free	0	1	crates/nvim/src/event/multiqueue.rs
5	next_cpt_part	0	1	crates/nvim/src/insexpand/callbacks.rs
5	operand_u32	0	1	crates/nvim/src/regexp/bt/matcher.rs
5	os_can_exe	0	1	crates/nvim/src/os/fs/mod.rs
5	otherfile	0	1	crates/nvim/src/buffer/name.rs
5	parse_cino	1	1	crates/nvim/src/indent_c/cino.rs
5	pathcmp	0	1	crates/nvim/src/path/compare.rs
5	pattern_match	0	1	crates/nvim/src/eval/pattern.rs
5	prefix_at	0	1	crates/nvim/src/cstr.rs
5	push_cstr	0	1	crates/nvim/src/quickfix/display.rs
5	put_node	0	1	crates/nvim/src/spellfile/write.rs
5	qf_fmt_text	0	1	crates/nvim/src/quickfix/display.rs
5	qf_get_curlist	0	1	crates/nvim/src/quickfix/stack.rs
5	qf_init_ext	0	1	crates/nvim/src/quickfix/read.rs
5	recover_names	0	1	crates/nvim/src/memline/swapname.rs
5	refuse_extmark	0	1	crates/nvim/src/undo/file.rs
5	report_discard_pending	0	1	crates/nvim/src/ex_eval/exception.rs
5	restore_win	0	1	crates/nvim/src/eval/window/switch.rs
5	rl_mirror_ascii	0	1	crates/nvim/src/charset/display.rs
5	rpc_start	0	1	crates/nvim/src/msgpack_rpc/channel/mod.rs
5	search_regcomp	0	1	crates/nvim/src/search/pattern.rs
5	set_clipboard	0	1	crates/nvim/src/clipboard.rs
5	set_cmd_context	0	1	crates/nvim/src/cmdexpand/cmdname.rs
5	set_context_in_map_cmd	0	1	crates/nvim/src/mapping/show.rs
5	set_var	0	1	crates/nvim/src/eval/vars/store.rs
5	shell_free_argv	0	1	crates/nvim/src/os/shell/mod.rs
5	showmatches	0	1	crates/nvim/src/cmdexpand/showmatch.rs
5	showmatches_gettail	0	1	crates/nvim/src/cmdexpand/showmatch.rs
5	simplify_filename	0	1	crates/nvim/src/path/mod.rs
5	skip_cpt_delims	0	1	crates/nvim/src/insexpand/callbacks.rs
5	skip_expr	0	1	crates/nvim/src/eval/entry.rs
5	skipdigits	0	1	crates/nvim/src/charset/walk.rs
5	skiptowhite_esc	0	1	crates/nvim/src/charset/walk.rs
5	spell_iswordp_w	1	1	crates/nvim/src/spell/chartab.rs
5	spell_load_file	0	1	crates/nvim/src/spellfile/read.rs
5	store_aff_word	1	1	crates/nvim/src/spellfile/dic.rs
5	stream_may_close	0	1	crates/nvim/src/event/stream.rs
5	string_opt	0	1	crates/nvim/src/startup/args.rs
5	strnlen	0	2	
5	switch_win	0	1	crates/nvim/src/eval/window/switch.rs
5	switch_win_noblock	0	1	crates/nvim/src/eval/window/switch.rs
5	table	0	1	crates/nvim/src/mpack/rpc.rs
5	terminal_running	0	1	crates/nvim/src/terminal/mod.rs
5	time_watcher_start	0	1	crates/nvim/src/event/time.rs
5	time_watcher_stop	0	1	crates/nvim/src/event/time.rs
5	transstr_buf	0	1	crates/nvim/src/charset/display.rs
5	tv_ht_iter	0	1	crates/nvim/src/eval/typval/access.rs
5	utf_ptr2char_info	0	1	crates/nvim/src/mbyte/utf8/mod.rs
5	utf_ptr2char_info_impl	0	1	crates/nvim/src/mbyte/utf8/mod.rs
5	vars_clear	0	1	crates/nvim/src/eval/vars/lifecycle.rs
5	vim_iswordp_buf	0	1	crates/nvim/src/charset/mod.rs
5	vim_strnsize	0	1	crates/nvim/src/charset/display.rs
5	vterm_scroll_rect	0	1	crates/nvim/src/vterm/vterm.rs
5	wildmenu_match_len	0	1	crates/nvim/src/cmdexpand/pum.rs
5	wstream_release_wbuffer	0	1	crates/nvim/src/event/wstream.rs
4	.draw_col_buf	0	1	crates/nvim/src/drawline/columns.rs
4	.next_arg::<::core::ffi::c_ulong>	0	0	
4	.pack_sparse	0	1	crates/nvim/src/shada/write.rs
4	.read	0	5	
4	.step_over	0	1	crates/nvim/src/search/find.rs
4	.write_at	0	1	crates/nvim/src/file_search/mod.rs
4	AffHeader::of_key	0	1	crates/nvim/src/spellfile/mod.rs
4	Bl::new	0	68	
4	CString::from_raw	0	9	
4	Com::new	0	1	crates/nvim/src/change/open_line/comment.rs
4	DecorStateRef::current	1	1	crates/nvim/src/decoration/mod.rs
4	Dw::new	0	68	
4	ListRef::owning	0	1	crates/nvim/src/eval/typval/list.rs
4	Mb::new	0	68	
4	Menu::opt	0	1	crates/nvim/src/menu/mod.rs
4	Mi::new	0	68	
4	Object::string	0	0	
4	Owned::dupz	0	1	crates/nvim/src/eval/fs/mod.rs
4	Uv::new	0	1	crates/nvim/src/event/libuv_proc.rs
4	Walk::char_back	0	1	crates/nvim/src/spellsuggest/walk/mod.rs
4	ZeroBlock::read	0	1	crates/nvim/src/memline/block0.rs
4	add_cmd_modifier	0	1	crates/nvim/src/usercmd/expand.rs
4	add_mark	0	1	crates/nvim/src/mark/builtins.rs
4	add_quoted_fname	0	1	crates/nvim/src/fileio/mod.rs
4	add_win_cmd_modifiers	0	1	crates/nvim/src/usercmd/expand.rs
4	addfile	0	1	crates/nvim/src/path/glob.rs
4	aff_check_string	0	1	crates/nvim/src/spellfile/aff.rs
4	alist_unlink	0	1	crates/nvim/src/arglist/mod.rs
4	alloc_block	0	1	crates/nvim/src/memory/arena.rs
4	append_path	0	1	crates/nvim/src/path/mod.rs
4	arena_memdupz	0	1	crates/nvim/src/memory/arena.rs
4	atol	0	0	
4	buf_store_file_info	0	1	crates/nvim/src/fileio/timestamp.rs
4	buflist_findpat	0	1	crates/nvim/src/buffer/list.rs
4	builtin_function	0	1	crates/nvim/src/eval/userfunc/name.rs
4	call_shell	0	1	crates/nvim/src/os/shell/mod.rs
4	callback_reader_free	0	1	crates/nvim/src/channel/reader.rs
4	callback_reader_start	0	1	crates/nvim/src/channel/reader.rs
4	channel_callback_call	0	1	crates/nvim/src/channel/reader.rs
4	channel_connect	0	1	crates/nvim/src/channel/open.rs
4	channel_job_start	0	1	crates/nvim/src/channel/open.rs
4	charsize_fast_impl	0	1	crates/nvim/src/plines/mod.rs
4	check_colorcolumn	0	1	crates/nvim/src/window/snapshot.rs
4	check_luafunc_name	0	1	crates/nvim/src/eval/name.rs
4	check_overwrite	0	1	crates/nvim/src/ex_cmds/write.rs
4	check_skip	0	1	crates/nvim/src/ex_eval/mod.rs
4	checkforcmd	0	1	crates/nvim/src/ex_docmd/lookup.rs
4	clear_diffblock	0	1	crates/nvim/src/diff/block.rs
4	clear_fmark	0	1	crates/nvim/src/mark/mod.rs
4	col_print	0	1	crates/nvim/src/buffer/info.rs
4	compare_to_pos	0	1	crates/nvim/src/quickfix/navigate.rs
4	decor_virt_lines	0	1	crates/nvim/src/decoration/query.rs
4	delete_byte	0	1	crates/nvim/src/strings/printf/float.rs
4	deref_func_name	0	1	crates/nvim/src/eval/userfunc/name.rs
4	describe_sign_text	0	1	crates/nvim/src/sign/text.rs
4	dict_copy	0	1	crates/nvim/src/eval/typval/dict.rs
4	dict_find	0	0	
4	discard_exception	0	1	crates/nvim/src/ex_eval/exception.rs
4	do_autocmd_dirchanged	0	1	crates/nvim/src/file_search/chdir.rs
4	do_highlight	0	1	crates/nvim/src/highlight_group/command.rs
4	do_path_expand	0	1	crates/nvim/src/path/glob.rs
4	do_return	0	1	crates/nvim/src/eval/userfunc/ret.rs
4	eexe_mod_op	0	1	crates/nvim/src/eval/executor.rs
4	encode_list_write	0	1	crates/nvim/src/eval/encode/mod.rs
4	encode_vim_list_to_buf	0	1	crates/nvim/src/eval/encode/mod.rs
4	ends_target	0	1	crates/nvim/src/eval/vars/assign.rs
4	enter_cleanup	0	1	crates/nvim/src/ex_eval/trycmd.rs
4	eval_to_bool	0	1	crates/nvim/src/eval/entry.rs
4	eval_vars	0	1	crates/nvim/src/ex_docmd/filename.rs
4	exec_impl	0	1	crates/nvim/src/api/vimscript/exec.rs
4	exit	0	0	
4	expand_by_function	0	1	crates/nvim/src/insexpand/callbacks.rs
4	expand_env_esc	0	1	crates/nvim/src/os/env/expand.rs
4	expand_rtp_entry	0	1	crates/nvim/src/runtime/cache.rs
4	expand_set_opt_generic	0	1	crates/nvim/src/optionstr/expand.rs
4	extmark_set	0	1	crates/nvim/src/extmark/set.rs
4	find_file_in_path	0	1	crates/nvim/src/file_search/resolve.rs
4	find_job	0	1	crates/nvim/src/eval/provider.rs
4	find_line_end	0	1	crates/nvim/src/insexpand/text.rs
4	find_var_ht	0	1	crates/nvim/src/eval/vars/lookup.rs
4	findpar	0	1	crates/nvim/src/textobject/para.rs
4	fname_expand	0	1	crates/nvim/src/buffer/name.rs
4	fname_trans_sid	0	1	crates/nvim/src/eval/userfunc/name.rs
4	format_typename	0	1	crates/nvim/src/strings/printf/spec.rs
4	free_block	0	1	crates/nvim/src/memory/arena.rs
4	free_headers	0	1	crates/nvim/src/undo/read.rs
4	func_ptr_ref	0	1	crates/nvim/src/eval/userfunc/funccall.rs
4	fuzzymatches_to_strmatches	0	1	crates/nvim/src/cmdexpand/mod.rs
4	fwrite	0	0	
4	ga_concat_bytes	0	1	crates/nvim/src/testing/report.rs
4	ga_push_string	0	1	crates/nvim/src/eval/userfunc/mod.rs
4	ga_remove_duplicate_strings	0	1	crates/nvim/src/garray.rs
4	get_map_mode	0	1	crates/nvim/src/mapping/args.rs
4	get_name_len	0	1	crates/nvim/src/eval/name.rs
4	get_number_arg	0	1	crates/nvim/src/startup/args.rs
4	get_scriptlocal_funcname	0	1	crates/nvim/src/eval/userfunc/name.rs
4	get_spec_reg	0	1	crates/nvim/src/register/special.rs
4	getfile	0	1	crates/nvim/src/ex_cmds/write.rs
4	grid_line_getchar	0	1	crates/nvim/src/grid/line.rs
4	group_key	0	1	crates/nvim/src/autocmd/groups.rs
4	handle_subscript	0	1	crates/nvim/src/eval/expr/index.rs
4	has_char	0	0	
4	hash_clear_all	0	1	crates/nvim/src/hashtab.rs
4	hms_insert	0	1	crates/nvim/src/shada/merge.rs
4	iconv_close	0	0	
4	inc	0	0	
4	inchar	0	1	crates/nvim/src/getchar/peek.rs
4	indent_size_ts	0	1	crates/nvim/src/indent/mod.rs
4	ins_compl_add_matches	0	1	crates/nvim/src/insexpand/matchlist.rs
4	ins_compl_longest_insert	0	1	crates/nvim/src/insexpand/insert.rs
4	item_string	0	2	
4	item_strlen	0	1	crates/nvim/src/eval/encode/mod.rs
4	items	0	2	
4	keep_newer	0	1	crates/nvim/src/shada/merge.rs
4	leave_cleanup	0	1	crates/nvim/src/ex_eval/trycmd.rs
4	list_extend	0	1	crates/nvim/src/eval/typval/listops.rs
4	ll_free_all	0	1	crates/nvim/src/quickfix/stack.rs
4	local_or_global_raw	0	1	crates/nvim/src/option/query.rs
4	lua_pop	0	1	crates/nvim/src/lua/ffi.rs
4	lua_pushnumber	0	0	
4	mark_check	0	1	crates/nvim/src/mark/mod.rs
4	mark_root	0	0	
4	mark_view_restore	0	1	crates/nvim/src/mark/mod.rs
4	matches	0	1	crates/nvim/src/runtime/search.rs
4	ml_add_deleted_len_buf	0	1	crates/nvim/src/memline/lines.rs
4	ml_find_line_or_offset	0	1	crates/nvim/src/memline/offsets.rs
4	ml_get_pos	0	1	crates/nvim/src/memline/lines.rs
4	ml_replace_buf_len	0	1	crates/nvim/src/memline/lines.rs
4	ml_replace_len	0	1	crates/nvim/src/memline/lines.rs
4	mpack_parser_init	0	1	crates/nvim/src/mpack/object.rs
4	msg_progress	0	1	crates/nvim/src/message/progress.rs
4	msg_prt_line	0	1	crates/nvim/src/message/prtline.rs
4	multiqueue_new_child	0	1	crates/nvim/src/event/multiqueue.rs
4	name_of	0	1	crates/nvim/src/file_search/init.rs
4	next_virt_text_chunk	0	1	crates/nvim/src/decoration/query.rs
4	nlua_call_ref_quiet	0	1	crates/nvim/src/lua/executor/exec.rs
4	nlua_expand_pat	0	1	crates/nvim/src/lua/executor/expand.rs
4	nlua_pushref	0	1	crates/nvim/src/lua/executor/refs.rs
4	normal_search	0	1	crates/nvim/src/normal/search.rs
4	nvim_buf_get_lines	0	1	crates/nvim/src/api/buffer/lines.rs
4	op_yank_reg	0	1	crates/nvim/src/register/yank.rs
4	opt_strings_ok	0	1	crates/nvim/src/optionstr/flags.rs
4	os_fileinfo_size	0	1	crates/nvim/src/os/fs/meta.rs
4	os_rename	0	0	
4	os_write	0	1	crates/nvim/src/os/fs/mod.rs
4	path_fnamencmp	0	0	
4	path_try_shorten_fname	0	1	crates/nvim/src/path/unique.rs
4	printf	0	0	
4	printf_string	0	1	crates/nvim/src/strings/printf/mod.rs
4	process_events	0	1	crates/nvim/src/event/loop.rs
4	pum_items	1	1	crates/nvim/src/popupmenu/mod.rs
4	push_capture	0	1	crates/nvim/src/regexp/bt/matcher.rs
4	push_linestr	0	1	crates/nvim/src/api/buffer/lines.rs
4	put_byte	1	1	crates/nvim/src/msgpack_rpc/channel/envelope.rs
4	put_in_typebuf	0	1	crates/nvim/src/register/exec.rs
4	put_line	0	1	crates/nvim/src/ex_session/mod.rs
4	put_on_cmdline	0	1	crates/nvim/src/ex_getln/draw.rs
4	qf_free_items	0	1	crates/nvim/src/quickfix/list.rs
4	qf_id2nr	0	1	crates/nvim/src/quickfix/stack.rs
4	qf_jump	0	1	crates/nvim/src/quickfix/jump.rs
4	qf_jump_first	0	1	crates/nvim/src/quickfix/jump.rs
4	qf_update_buffer	0	1	crates/nvim/src/quickfix/fill.rs
4	re_multiline	0	1	crates/nvim/src/regexp/chars.rs
4	refkey	0	1	crates/nvim/src/marktree/node.rs
4	replace_numbered_mark	0	1	crates/nvim/src/shada/collect.rs
4	replace_push	0	1	crates/nvim/src/edit/replace.rs
4	schar_get_adv	0	1	crates/nvim/src/grid/schar.rs
4	score_wordcount_adj	0	1	crates/nvim/src/spellsuggest/score.rs
4	script_autoload	0	1	crates/nvim/src/runtime/script.rs
4	serialize_pos	0	1	crates/nvim/src/undo/file.rs
4	serialize_request	0	1	crates/nvim/src/msgpack_rpc/channel/envelope.rs
4	ses_escape_fname	0	1	crates/nvim/src/ex_session/mod.rs
4	shada_read_string	1	1	crates/nvim/src/shada/read.rs
4	show_one_mark	0	1	crates/nvim/src/mark/show.rs
4	skip_vimgrep_pat	0	1	crates/nvim/src/ex_cmds/mod.rs
4	slot	0	1	crates/nvim/src/sign/vimscript.rs
4	sort_strings	0	1	crates/nvim/src/strings/mod.rs
4	source_runtime_vim_lua	0	1	crates/nvim/src/runtime/search.rs
4	start_arrow	0	1	crates/nvim/src/edit/undo.rs
4	stdpaths_user_state_subpath	0	1	crates/nvim/src/os/stdpaths.rs
4	str2special	0	1	crates/nvim/src/message/outtrans.rs
4	strrchr	0	0	
4	syn_get_id	0	1	crates/nvim/src/syntax/query.rs
4	tabstops	0	1	crates/nvim/src/indent/mod.rs
4	tagstack_clear_entry	0	0	
4	take_bracketed	0	1	crates/nvim/src/regexp/chars.rs
4	time_watcher_close	0	1	crates/nvim/src/event/time.rs
4	timer_stop	0	1	crates/nvim/src/eval/timer.rs
4	trunc_string	0	1	crates/nvim/src/message/mod.rs
4	tv_dict_free	0	1	crates/nvim/src/eval/typval/dict.rs
4	tv_dict_watcher_node_data	0	1	crates/nvim/src/eval/typval/access.rs
4	ui_flush_buf	0	1	crates/nvim/src/api/ui/packer.rs
4	undo_read	0	1	crates/nvim/src/undo/file.rs
4	unpack_string	0	1	crates/nvim/src/msgpack_rpc/unpacker/keydict.rs
4	unserialize_pos	0	1	crates/nvim/src/undo/file.rs
4	utf_iscomposing	0	1	crates/nvim/src/mbyte/utf8/mod.rs
4	utf_ptr2cells_len	0	1	crates/nvim/src/mbyte/cells.rs
4	uv_timer_start	0	0	
4	valid_varname	0	1	crates/nvim/src/eval/vars/store.rs
4	valid_word_prefix	0	1	crates/nvim/src/spell/lookup.rs
4	var_item_copy	0	1	crates/nvim/src/eval/collect.rs
4	verb_msg	0	1	crates/nvim/src/message/redir.rs
4	verbose_try_malloc	0	1	crates/nvim/src/memory/mod.rs
4	vim_iswordc	0	0	
4	vim_regexec_prog	0	1	crates/nvim/src/regexp/api.rs
4	vim_strsave_escape_ks	0	1	crates/nvim/src/keycodes/mod.rs
4	vim_strsave_fnameescape	0	1	crates/nvim/src/ex_getln/buffer.rs
4	vim_strsave_shellescape	0	1	crates/nvim/src/strings/escape.rs
4	vim_unsetenv_ext	0	1	crates/nvim/src/os/env/mod.rs
4	win_linetabsize	0	1	crates/nvim/src/plines/mod.rs
4	wipe_dummy_buffer	0	1	crates/nvim/src/quickfix/dummy.rs
4	word_chars	0	1	crates/nvim/src/spellsuggest/score.rs
4	write_reg_contents	0	1	crates/nvim/src/register/contents.rs
4	xmemdup	0	1	crates/nvim/src/memory/mod.rs
3	.add_item	0	1	crates/nvim/src/eval/typval/dict.rs
3	.append_array	0	1	crates/nvim/src/cjson/lua_cjson/encode.rs
3	.clear	1	1	crates/nvim/src/eval/typval/access.rs
3	.compare	0	1	crates/nvim/src/ex_cmds/sort.rs
3	.conv_func_before_self	0	0	
3	.copy	0	1	crates/nvim/src/strings/printf/emit.rs
3	.leave	1	2	
3	.line	0	1	crates/nvim/src/search/find.rs
3	.position	1	1	crates/nvim/src/strings/printf/emit.rs
3	.set_message	0	1	crates/nvim/src/quickfix/parse.rs
3	.set_nextcmd_ptr	0	0	
3	.since	0	1	crates/nvim/src/eval/expr/literal.rs
3	.stash	0	1	crates/nvim/src/fileio/convert.rs
3	.take	0	1	crates/nvim/src/change/leader.rs
3	.unpacker	1	1	crates/nvim/src/msgpack_rpc/channel/mod.rs
3	ClickDefs::new	0	1	crates/nvim/src/mouse/mod.rs
3	Cls::new	0	68	
3	Fi::new	0	68	
3	IdSet::new	0	1	crates/nvim/src/marktree/intersect.rs
3	Link::new	0	1	crates/nvim/src/menu/mod.rs
3	Lw::new	0	68	
3	Menu::new	0	1	crates/nvim/src/menu/mod.rs
3	Nd::new	0	68	
3	OptStr::owning	0	1	crates/nvim/src/option/value.rs
3	Out::new	0	2	
3	PackerBuffer::new	0	1	crates/nvim/src/msgpack_rpc/packer/mod.rs
3	PartialRef::retained	0	1	crates/nvim/src/eval/typval/partial.rs
3	Regprog::compile	0	1	crates/nvim/src/eval/funcs/regexp.rs
3	Self::from_raw	0	9	
3	Session::new	0	1	crates/nvim/src/terminal/mode.rs
3	SynBlockRef::new	0	68	
3	TabPage::new	0	1	crates/nvim/src/winlayer.rs
3	WinCfg::new	0	68	
3	WriteError::shared	0	1	crates/nvim/src/bufwrite/mod.rs
3	abs	0	0	
3	accumulate	1	1	crates/nvim/src/terminal/termrequest.rs
3	add_char2buf	0	1	crates/nvim/src/keycodes/mod.rs
3	add_defer	0	1	crates/nvim/src/eval/userfunc/ret.rs
3	add_list	0	1	crates/nvim/src/quickfix/getprops.rs
3	add_map	0	1	crates/nvim/src/mapping/domap.rs
3	add_nr_var	0	1	crates/nvim/src/eval/userfunc/args.rs
3	addstar	0	1	crates/nvim/src/cmdexpand/showmatch.rs
3	adjust_clipboard_name	0	1	crates/nvim/src/clipboard.rs
3	adjust_types	0	1	crates/nvim/src/strings/printf/spec.rs
3	alloc_ufunc	0	1	crates/nvim/src/eval/userfunc/lambda.rs
3	api_keydict_to_dict	0	1	crates/nvim/src/api/private/helpers/keydict.rs
3	append_command	0	1	crates/nvim/src/ex_docmd/onecmd.rs
3	apply_pre	0	1	crates/nvim/src/bufwrite/autocmds.rs
3	arg_augroup_get	0	1	crates/nvim/src/autocmd/groups.rs
3	arg_autocmd_flag_get	0	1	crates/nvim/src/autocmd/define.rs
3	as_filter	0	1	crates/nvim/src/marktree/iter.rs
3	assign	0	1	crates/nvim/src/eval/forloop.rs
3	augroup_del	0	1	crates/nvim/src/autocmd/groups.rs
3	augroup_map_del	0	1	crates/nvim/src/autocmd/groups.rs
3	aupat_normalize_buflocal_pat	0	1	crates/nvim/src/autocmd/cleanup.rs
3	before_set_vvar	0	1	crates/nvim/src/eval/vars/vvar.rs
3	buckets_mut	1	1	crates/nvim/src/map/table.rs
3	buf_collect_lines	0	1	crates/nvim/src/api/buffer/lines.rs
3	buflist_add	0	1	crates/nvim/src/buffer/name.rs
3	build_pattern	0	1	crates/nvim/src/runtime/expand.rs
3	bytes	0	3	
3	call_func_rettv	0	1	crates/nvim/src/eval/expr/call.rs
3	call_vim_function	0	1	crates/nvim/src/eval/entry.rs
3	callback	0	0	
3	can_compound	0	1	crates/nvim/src/spell/lookup.rs
3	capture_slot	1	1	crates/nvim/src/regexp/bt/state.rs
3	chained	0	1	crates/nvim/src/search/command.rs
3	changed	1	1	crates/nvim/src/change/flag.rs
3	changedir_func	0	1	crates/nvim/src/ex_docmd/path.rs
3	channel_send	0	1	crates/nvim/src/channel/mod.rs
3	charwise_block_prep	0	1	crates/nvim/src/ops/block.rs
3	check_list_seen	0	1	crates/nvim/src/eval/typval_encode/walk.rs
3	check_signcolumn	0	1	crates/nvim/src/optionstr/check.rs
3	check_stl_option	0	1	crates/nvim/src/optionstr/check.rs
3	check_str_opt	1	1	crates/nvim/src/optionstr/flags.rs
3	clear_cpt_callbacks	0	1	crates/nvim/src/insexpand/callbacks.rs
3	clear_diffout	0	1	crates/nvim/src/diff/update.rs
3	clear_node	0	1	crates/nvim/src/spellfile/write.rs
3	clear_syn_state	0	1	crates/nvim/src/syntax/state.rs
3	clone_fold_list	0	1	crates/nvim/src/fold/mod.rs
3	close_fold	0	1	crates/nvim/src/fold/open_close.rs
3	cmdline_event_dict	0	1	crates/nvim/src/ex_getln/enter.rs
3	cmdline_paste_str	0	1	crates/nvim/src/ex_getln/buffer.rs
3	compile	0	3	
3	compile_cap_prog	0	1	crates/nvim/src/spell/lang.rs
3	compl_text_from_line	0	1	crates/nvim/src/insexpand/session.rs
3	conv_error	0	1	crates/nvim/src/eval/encode/mod.rs
3	convert_one_value	0	1	crates/nvim/src/eval/typval_encode/walk.rs
3	copy_winopt	0	1	crates/nvim/src/option/copy.rs
3	correct_screencol	0	1	crates/nvim/src/ex_getln/draw.rs
3	create_event	0	1	crates/nvim/src/event/proc.rs
3	decor_redraw_signs	0	1	crates/nvim/src/decoration/signs.rs
3	del_typebuf	1	1	crates/nvim/src/getchar/typeahead.rs
3	delete_fold_entry	1	1	crates/nvim/src/fold/mod.rs
3	dialog_msg	0	1	crates/nvim/src/ex_docmd/argopt.rs
3	dialog_yesno_about	0	1	crates/nvim/src/ex_cmds/write.rs
3	dict2hlattrs	1	1	crates/nvim/src/highlight/dict.rs
3	dict_number	0	1	crates/nvim/src/search/stat.rs
3	diff_alloc_new	0	1	crates/nvim/src/diff/block.rs
3	diff_change_parse	0	1	crates/nvim/src/diff/inline.rs
3	diff_copy_entry	0	1	crates/nvim/src/diff/block.rs
3	diff_free	0	1	crates/nvim/src/diff/block.rs
3	digits_then	0	1	crates/nvim/src/spellfile/mod.rs
3	disp_sb_line	0	1	crates/nvim/src/message/scrollback.rs
3	do_autocmd_event	0	1	crates/nvim/src/autocmd/define.rs
3	do_debug	0	1	crates/nvim/src/debugger/mode.rs
3	do_in_runtimepath_cb	0	1	crates/nvim/src/spell/lang.rs
3	draw_virt_text_item	1	1	crates/nvim/src/drawline/virttext.rs
3	dump_word	0	1	crates/nvim/src/spell/dump.rs
3	enc_locale	0	1	crates/nvim/src/mbyte/encoding/mod.rs
3	entry_states	0	1	crates/nvim/src/syntax/stack.rs
3	eval7	0	1	crates/nvim/src/eval/expr/level.rs
3	eval_expr	0	1	crates/nvim/src/eval/entry.rs
3	eval_fname_sid	0	1	crates/nvim/src/eval/userfunc/name.rs
3	eval_option	0	1	crates/nvim/src/eval/expr/literal.rs
3	eval_to_string_safe	0	1	crates/nvim/src/eval/entry.rs
3	ex_let_one	0	1	crates/nvim/src/eval/vars/assign.rs
3	ex_tag_cmd	0	1	crates/nvim/src/ex_docmd/tags.rs
3	expand_env_save_opt	0	1	crates/nvim/src/os/env/expand.rs
3	expand_from_context	0	1	crates/nvim/src/cmdexpand/fromcontext.rs
3	expand_generic	0	1	crates/nvim/src/cmdexpand/fromcontext.rs
3	expand_old_setting	0	1	crates/nvim/src/option/expand.rs
3	expand_tag_fname	0	1	crates/nvim/src/tag/tagfile.rs
3	fdopen	0	0	
3	file_close	0	1	crates/nvim/src/os/fileio.rs
3	file_eof	0	1	crates/nvim/src/shada/file.rs
3	file_flush	0	1	crates/nvim/src/os/fileio.rs
3	file_name_at_cursor	0	1	crates/nvim/src/file_search/cursor.rs
3	file_read	0	1	crates/nvim/src/os/fileio.rs
3	find_bucket	0	2	
3	find_cmdline_var	0	1	crates/nvim/src/ex_docmd/filename.rs
3	find_dup_item	0	1	crates/nvim/src/option/defaults.rs
3	find_file_in_path_option	0	1	crates/nvim/src/file_search/resolve.rs
3	find_file_name_in_path	0	1	crates/nvim/src/file_search/cursor.rs
3	find_key_item	0	1	crates/nvim/src/option/stropt.rs
3	find_mut	0	2	
3	find_special_key	0	1	crates/nvim/src/keycodes/mod.rs
3	find_var_ht_dict	0	1	crates/nvim/src/eval/vars/lookup.rs
3	finish_tv2	0	1	crates/nvim/src/eval/encode/mod.rs
3	fm_getname	0	1	crates/nvim/src/mark/show.rs
3	fname2fnum	0	1	crates/nvim/src/mark/mod.rs
3	fold_merge	1	1	crates/nvim/src/fold/adjust.rs
3	fold_more	1	1	crates/nvim/src/spell/lookup.rs
3	fold_reverse_order	1	1	crates/nvim/src/fold/adjust.rs
3	fold_split	1	1	crates/nvim/src/fold/adjust.rs
3	fopen	0	0	
3	format_typeof	0	1	crates/nvim/src/strings/printf/spec.rs
3	fragment_bytes	1	2	
3	free_cptext	0	1	crates/nvim/src/insexpand/matchlist.rs
3	free_msglist	0	1	crates/nvim/src/ex_eval/exception.rs
3	func_clear_free	0	1	crates/nvim/src/eval/userfunc/funccall.rs
3	func_do_profile	0	1	crates/nvim/src/profile/mod.rs
3	func_name_refcount	0	1	crates/nvim/src/eval/userfunc/name.rs
3	func_ptr_unref	0	1	crates/nvim/src/eval/userfunc/funccall.rs
3	ga_concat_shorten_esc	0	1	crates/nvim/src/testing/report.rs
3	gen_expand_wildcards_and_cb	0	1	crates/nvim/src/runtime/search.rs
3	get	0	8	
3	get_env_len	0	1	crates/nvim/src/eval/name.rs
3	get_errorlist	0	1	crates/nvim/src/quickfix/getprops.rs
3	get_expr_line	0	1	crates/nvim/src/register/special.rs
3	get_func_tv	0	1	crates/nvim/src/eval/userfunc/dispatch.rs
3	get_function_args	0	1	crates/nvim/src/eval/userfunc/args.rs
3	get_highlight_name_ext	0	1	crates/nvim/src/highlight_group/list.rs
3	get_id_len	0	1	crates/nvim/src/eval/name.rs
3	get_line_and_copy	0	1	crates/nvim/src/search/includes.rs
3	get_option_from	0	1	crates/nvim/src/api/deprecated/options.rs
3	get_past_head	0	1	crates/nvim/src/path/names.rs
3	get_patterns_from_pattern_or_buf	0	1	crates/nvim/src/api/autocmd/pattern.rs
3	get_reg_type	0	1	crates/nvim/src/register/contents.rs
3	get_reg_wrap_one_line	0	1	crates/nvim/src/register/contents.rs
3	get_special_key_code	0	1	crates/nvim/src/keycodes/mod.rs
3	get_userdefined_compl_info	0	1	crates/nvim/src/insexpand/session.rs
3	get_var_from	0	1	crates/nvim/src/eval/vars/scoped.rs
3	get_varp_from	1	1	crates/nvim/src/option/scope.rs
3	get_visual_text	0	1	crates/nvim/src/normal/visual.rs
3	getc	0	0	
3	getdigits_int32	0	1	crates/nvim/src/charset/walk.rs
3	getline	0	0	
3	getvcol_nolist	0	1	crates/nvim/src/plines/vcol.rs
3	getvpos	0	0	
3	getwhitecols	0	1	crates/nvim/src/charset/walk.rs
3	handle_defer_one	0	1	crates/nvim/src/eval/userfunc/ret.rs
3	has_autocmd	0	1	crates/nvim/src/autocmd/listing.rs
3	has_sound_tree	0	1	crates/nvim/src/spellsuggest/soundalike.rs
3	hash_set_key	0	1	crates/nvim/src/hashtab.rs
3	hl_combine_attr	0	0	
3	id_list_has	0	1	crates/nvim/src/syntax/options.rs
3	ins_compl_add_infercase	0	1	crates/nvim/src/insexpand/text.rs
3	ins_compl_add_list	0	1	crates/nvim/src/insexpand/vimscript.rs
3	ins_compl_free	1	1	crates/nvim/src/insexpand/matchlist.rs
3	insert_reg	0	1	crates/nvim/src/register/exec.rs
3	is_luafunc	0	1	crates/nvim/src/eval/name.rs
3	is_unique	0	1	crates/nvim/src/path/unique.rs
3	job_callback	0	1	crates/nvim/src/eval/provider.rs
3	jump_to_mouse	0	1	crates/nvim/src/mouse/jump.rs
3	key_to_entry	0	1	crates/nvim/src/syntax/keyword.rs
3	lang_is	0	1	crates/nvim/src/tag/scan.rs
3	list_number	0	1	crates/nvim/src/search/stat.rs
3	list_still_current	0	1	crates/nvim/src/quickfix/jump.rs
3	load_current_state	0	1	crates/nvim/src/syntax/stack.rs
3	log_call	0	1	crates/nvim/src/msgpack_rpc/channel/trace.rs
3	lseek	0	0	
3	lua_checkstack	0	0	
3	lua_getfield	0	0	
3	lua_next	0	0	
3	lua_settop	0	0	
3	lua_tolstring	0	0	
3	lua_tonumber	0	0	
3	lua_touserdata	0	0	
3	make_expanded_name	0	1	crates/nvim/src/eval/name.rs
3	make_percent_swname	0	1	crates/nvim/src/memline/swapname.rs
3	map_to_exists_mode	0	1	crates/nvim/src/mapping/table.rs
3	mark_cb	0	1	crates/nvim/src/eval/collect.rs
3	mark_line	0	1	crates/nvim/src/mark/show.rs
3	mark_mb_adjustpos	0	1	crates/nvim/src/mark/mod.rs
3	mark_quickfix_ctx	0	1	crates/nvim/src/quickfix/eval.rs
3	mark_quickfix_user_data	0	1	crates/nvim/src/quickfix/eval.rs
3	marktree_free_node	0	1	crates/nvim/src/marktree/node.rs
3	match_file_pat	0	1	crates/nvim/src/fileio/names.rs
3	matches_of	0	1	crates/nvim/src/cmdexpand/expandone.rs
3	may_call_simple_func	0	1	crates/nvim/src/eval/expr/level.rs
3	mb_adjust_opend	0	1	crates/nvim/src/ops/delete.rs
3	merge_win_config	0	1	crates/nvim/src/window/config.rs
3	mf_close	0	1	crates/nvim/src/memfile/mod.rs
3	mf_need_trans	0	1	crates/nvim/src/memfile/swapfile.rs
3	mf_new	0	1	crates/nvim/src/memfile/mod.rs
3	ml_get_buf_impl	0	1	crates/nvim/src/memline/tree.rs
3	ml_lineadd_depth	1	1	crates/nvim/src/memline/tree.rs
3	modify_keymap	0	1	crates/nvim/src/mapping/mapset.rs
3	mpack_parse	0	1	crates/nvim/src/mpack/object.rs
3	mpack_read	0	1	crates/nvim/src/mpack/mpack_core.rs
3	msg_hist_add_multihl	0	1	crates/nvim/src/message/history.rs
3	msg_strtrunc	0	1	crates/nvim/src/message/mod.rs
3	msg_trunc	0	1	crates/nvim/src/message/mod.rs
3	name_object	0	1	crates/nvim/src/highlight/mod.rs
3	nested_list	0	1	crates/nvim/src/eval/funcs/regexp.rs
3	next_search_hl	0	1	crates/nvim/src/match/searchhl.rs
3	nlua_call_ref_ctx	0	1	crates/nvim/src/lua/executor/exec.rs
3	nlua_exec_file	0	1	crates/nvim/src/lua/executor/excmds.rs
3	nlua_funcref_str	0	1	crates/nvim/src/lua/executor/callable.rs
3	nlua_pop_dict	0	1	crates/nvim/src/lua/converter/pop.rs
3	node_of_digest_key	0	1	crates/nvim/src/spellfile/wordtree.rs
3	nv_mark_move_to	0	1	crates/nvim/src/normal/search.rs
3	nv_screengo	0	1	crates/nvim/src/normal/motion.rs
3	nvim_buf_get_commands	0	1	crates/nvim/src/api/command/user.rs
3	nvim_echo	0	1	crates/nvim/src/api/vim/echo.rs
3	nvim_exec_lua	0	1	crates/nvim/src/api/vim/runtime.rs
3	nvim_get_hl_by_id	1	1	crates/nvim/src/api/deprecated/highlight.rs
3	nvim_get_runtime_file	0	1	crates/nvim/src/api/vim/runtime.rs
3	nvim_paste	0	1	crates/nvim/src/api/vim/paste.rs
3	onecap_copy	0	1	crates/nvim/src/spell/chartab.rs
3	op_char	0	1	crates/nvim/src/eval/vars/assign.rs
3	op_delete	0	1	crates/nvim/src/ops/delete.rs
3	op_format	0	1	crates/nvim/src/textformat/lines.rs
3	option_expand	0	1	crates/nvim/src/option/expand.rs
3	option_target	0	1	crates/nvim/src/api/options.rs
3	optval_is_default	1	1	crates/nvim/src/option/value.rs
3	os_expand_wildcards	0	1	crates/nvim/src/os/shell/expand.rs
3	os_fchown	1	1	crates/nvim/src/os/fs/meta.rs
3	os_fileid_equal	0	1	crates/nvim/src/os/fs/meta.rs
3	os_fileinfo_hardlinks	0	1	crates/nvim/src/os/fs/meta.rs
3	os_fileinfo_inode	0	1	crates/nvim/src/os/fs/meta.rs
3	os_free_fullenv	0	1	crates/nvim/src/os/env/mod.rs
3	os_get_hostname	0	1	crates/nvim/src/os/env/mod.rs
3	os_get_username	0	1	crates/nvim/src/os/users.rs
3	os_scandir_next	0	1	crates/nvim/src/os/fs/dir.rs
3	os_set_cloexec	1	1	crates/nvim/src/os/fs/mod.rs
3	os_stat	0	1	crates/nvim/src/os/fs/meta.rs
3	owned	0	1	crates/nvim/src/option/defaults.rs
3	packer_buffer_finish	1	1	crates/nvim/src/msgpack_rpc/channel/envelope.rs
3	packer_buffer_init	0	1	crates/nvim/src/msgpack_rpc/channel/envelope.rs
3	parse_compl_arg	0	1	crates/nvim/src/usercmd/attr.rs
3	parse_isopt	0	1	crates/nvim/src/charset/mod.rs
3	parse_winborder	0	1	crates/nvim/src/api/win_config/border.rs
3	parse_winhl_opt	0	1	crates/nvim/src/option/check.rs
3	partial_unref	0	1	crates/nvim/src/eval/expr/call.rs
3	pat_has_uppercase	0	1	crates/nvim/src/search/pattern.rs
3	path_is_url	0	0	
3	path_tail_with_sep	0	1	crates/nvim/src/path/names.rs
3	place	0	1	crates/nvim/src/option/stropt.rs
3	prepare_call	0	1	crates/nvim/src/api/ui/packer.rs
3	preserve_exit	0	1	crates/nvim/src/startup/exit.rs
3	proc_free	0	1	crates/nvim/src/event/proc.rs
3	proc_wait	0	1	crates/nvim/src/event/proc.rs
3	provider_fn	0	1	crates/nvim/src/eval/provider.rs
3	pty_proc_close_master	0	1	crates/nvim/src/os/pty_proc_unix/mod.rs
3	pum_get_item	0	1	crates/nvim/src/popupmenu/draw.rs
3	push_keydict	0	1	crates/nvim/src/lua/api_wrappers/mod.rs
3	put_eol_unchecked	0	1	crates/nvim/src/ex_session/mod.rs
3	put_escstr	0	1	crates/nvim/src/mapping/session.rs
3	qf_init	0	1	crates/nvim/src/quickfix/read.rs
3	qf_list_changed	0	1	crates/nvim/src/quickfix/list.rs
3	qf_list_has_valid_entries	0	1	crates/nvim/src/quickfix/list.rs
3	qf_msg	0	1	crates/nvim/src/quickfix/display.rs
3	qf_store_title	0	1	crates/nvim/src/quickfix/read.rs
3	queue_remove	0	1	crates/nvim/src/eval/typval/access.rs
3	read	0	5	
3	read_eintr	0	1	crates/nvim/src/fileio/mod.rs
3	read_uint64	0	1	crates/nvim/src/shada/unpack.rs
3	read_word	0	1	crates/nvim/src/fileio/convert.rs
3	readlink	0	0	
3	reg_empty	0	1	crates/nvim/src/register/store.rs
3	regcomp	0	0	
3	regexec_at	0	1	crates/nvim/src/ex_cmds/subst/exec.rs
3	remove_key_item	0	1	crates/nvim/src/option/stropt.rs
3	rename_buffer	0	1	crates/nvim/src/ex_cmds/write.rs
3	report_if_verbose	0	1	crates/nvim/src/ex_eval/exception.rs
3	resolve_symlink	0	1	crates/nvim/src/memline/swapname.rs
3	restore_start_dir	0	1	crates/nvim/src/quickfix/dummy.rs
3	restore_typeahead	0	1	crates/nvim/src/getchar/typeahead.rs
3	reverse_text	0	1	crates/nvim/src/strings/mod.rs
3	rstream_init	0	1	crates/nvim/src/event/rstream.rs
3	runtime_search_path_free	1	1	crates/nvim/src/runtime/cache.rs
3	save_re_pat	0	1	crates/nvim/src/search/pattern.rs
3	save_typeahead	0	1	crates/nvim/src/getchar/typeahead.rs
3	scan_progress	0	1	crates/nvim/src/insexpand/getexp.rs
3	schar_from_str	0	1	crates/nvim/src/grid/schar.rs
3	scopes_of	0	1	crates/nvim/src/eval/userfunc/funccall.rs
3	screengrid_line_start	0	0	
3	script_host_eval	0	1	crates/nvim/src/eval/provider.rs
3	server_start	0	1	crates/nvim/src/msgpack_rpc/server.rs
3	ses_put_fname	0	1	crates/nvim/src/ex_session/mod.rs
3	set_context_for_wildcard_arg	0	1	crates/nvim/src/cmdexpand/context.rs
3	set_context_in_menu_cmd	0	1	crates/nvim/src/menu/complete.rs
3	set_context_in_set_cmd	0	1	crates/nvim/src/option/expand.rs
3	set_expand_context	0	1	crates/nvim/src/cmdexpand/context.rs
3	set_option_to	0	1	crates/nvim/src/api/deprecated/options.rs
3	set_option_value_handle_tty	0	1	crates/nvim/src/option/set.rs
3	set_ref_in_func	0	1	crates/nvim/src/eval/userfunc/funccall.rs
3	set_ref_in_funccal	0	1	crates/nvim/src/eval/userfunc/funccall.rs
3	set_ref_in_ht	0	1	crates/nvim/src/eval/collect.rs
3	set_scoped_var	0	1	crates/nvim/src/eval/vars/scoped.rs
3	set_var_lval	0	1	crates/nvim/src/eval/lval/assign.rs
3	set_vim_var_strings	0	1	crates/nvim/src/eval/vars/external.rs
3	setmark_pos	0	1	crates/nvim/src/mark/mod.rs
3	shada_pack_pfreed_entry	0	1	crates/nvim/src/shada/pack.rs
3	shada_removable	0	1	crates/nvim/src/shada/file.rs
3	sign_find	0	1	crates/nvim/src/sign/store.rs
3	skip_comment	0	1	crates/nvim/src/ops/join.rs
3	skip_luafunc_name	0	1	crates/nvim/src/eval/name.rs
3	skip_range	0	1	crates/nvim/src/ex_docmd/address.rs
3	skip_to_option_part	0	1	crates/nvim/src/option/query.rs
3	skip_var_list	0	1	crates/nvim/src/eval/vars/assign.rs
3	slang_clear	0	1	crates/nvim/src/spell/slang.rs
3	slang_free	0	1	crates/nvim/src/spell/slang.rs
3	socket_watcher_close	0	1	crates/nvim/src/event/socket/mod.rs
3	source_matching	0	1	crates/nvim/src/runtime/search.rs
3	stacktrace_push_item	0	1	crates/nvim/src/runtime/estack.rs
3	state_no_longer_safe	0	1	crates/nvim/src/state.rs
3	step	0	0	
3	step_char	0	1	crates/nvim/src/eval/name.rs
3	store_word	0	1	crates/nvim/src/spellfile/wordtree.rs
3	stp_sal_score	0	1	crates/nvim/src/spellsuggest/score.rs
3	str2special_save	0	1	crates/nvim/src/message/outtrans.rs
3	strchrsub	0	1	crates/nvim/src/memory/mod.rs
3	string2float	0	1	crates/nvim/src/eval/expr/literal.rs
3	strip_caret_numbers_in_place	0	1	crates/nvim/src/insexpand/text.rs
3	strpbrk	0	0	
3	strtod	0	0	
3	strtol	0	0	
3	swapchars	0	1	crates/nvim/src/ops/case.rs
3	syn_current_attr	0	1	crates/nvim/src/syntax/attr.rs
3	syn_stack_free_entry	0	1	crates/nvim/src/syntax/stack.rs
3	syntax_clear	0	1	crates/nvim/src/syntax/clear.rs
3	tag_full_fname	0	1	crates/nvim/src/tag/jump.rs
3	take_char_class	0	1	crates/nvim/src/regexp/chars.rs
3	take_matches	0	1	crates/nvim/src/runtime/expand.rs
3	take_pending	0	1	crates/nvim/src/shada/merge.rs
3	terminal_close	0	1	crates/nvim/src/terminal/mod.rs
3	terminal_live	0	1	crates/nvim/src/eval/funcs/job.rs
3	textpos2screenpos	0	1	crates/nvim/src/move/columns.rs
3	throw_exception	0	1	crates/nvim/src/ex_eval/exception.rs
3	time_watcher_init	0	1	crates/nvim/src/event/time.rs
3	tolower	0	0	
3	trans_characters	0	1	crates/nvim/src/charset/display.rs
3	trans_special	0	1	crates/nvim/src/keycodes/mod.rs
3	transstr	0	1	crates/nvim/src/charset/display.rs
3	tree_add_word	0	1	crates/nvim/src/spellfile/wordtree.rs
3	try_getdigits	0	1	crates/nvim/src/charset/walk.rs
3	try_to_free_memory	1	1	crates/nvim/src/memory/mod.rs
3	tv_dict_free_contents	0	1	crates/nvim/src/eval/typval/dict.rs
3	tv_dict_watcher_free	0	1	crates/nvim/src/eval/typval/watcher.rs
3	tv_is_luafunc	0	0	
3	u_compute_hash	0	1	crates/nvim/src/undo/file.rs
3	u_freeentry	0	1	crates/nvim/src/undo/tree.rs
3	u_freeheader	0	1	crates/nvim/src/undo/tree.rs
3	u_read_undo	0	1	crates/nvim/src/undo/read.rs
3	u_write_undo	0	1	crates/nvim/src/undo/write.rs
3	ui_comp_put_grid	0	1	crates/nvim/src/ui_compositor/mod.rs
3	ui_line	1	1	crates/nvim/src/ui/mod.rs
3	undo_fmt_time	0	1	crates/nvim/src/undo/mod.rs
3	undo_read_2c	0	1	crates/nvim/src/undo/file.rs
3	undo_read_byte	0	1	crates/nvim/src/undo/file.rs
3	unpack_string_or_array	0	1	crates/nvim/src/api/autocmd/pattern.rs
3	user_func_error	0	1	crates/nvim/src/eval/userfunc/call.rs
3	utf_class_tab	0	1	crates/nvim/src/mbyte/class.rs
3	utf_strnicmp	0	1	crates/nvim/src/mbyte/case.rs
3	uv_fs_access	0	0	
3	uv_mutex_lock	0	0	
3	uv_mutex_unlock	0	0	
3	uv_pipe_init	0	0	
3	uv_timer_stop	0	0	
3	var_check_fixed	0	1	crates/nvim/src/eval/vars/store.rs
3	var_wrong_func_name	0	1	crates/nvim/src/eval/vars/store.rs
3	verbose_exception	0	1	crates/nvim/src/ex_eval/exception.rs
3	vim_env_iter	0	1	crates/nvim/src/os/env/dirs.rs
3	vim_is_ident_char	0	0	
3	vim_iswordc_tab	0	1	crates/nvim/src/charset/mod.rs
3	vim_regexec_string	0	1	crates/nvim/src/regexp/api.rs
3	vterm_get_size	0	1	crates/nvim/src/vterm/vterm.rs
3	vterm_push_output_bytes	0	1	crates/nvim/src/vterm/vterm.rs
3	walk	0	3	
3	win_line	0	1	crates/nvim/src/drawline/mod.rs
3	write_digest	0	1	crates/nvim/src/spellfile/wordtree.rs
3	write_reg_contents_ex	0	1	crates/nvim/src/register/contents.rs
3	write_rendered	0	1	crates/nvim/src/charset/display.rs
3	wstream_write	0	1	crates/nvim/src/event/wstream.rs
3	xstpcpy	0	1	crates/nvim/src/memory/mod.rs
3	xstrchrnul	0	1	crates/nvim/src/memory/mod.rs
3	xstrndup	0	1	crates/nvim/src/memory/mod.rs
2	.add_allocated_str	0	1	crates/nvim/src/eval/typval/dict.rs
2	.append_number	0	1	crates/nvim/src/cjson/lua_cjson/encode.rs
2	.append_string	0	1	crates/nvim/src/cjson/lua_cjson/encode.rs
2	.assume_init	0	0	
2	.bit_copy	1	1	crates/nvim/src/eval/typval/access.rs
2	.byte	1	1	crates/nvim/src/winlayer.rs
2	.char_at	1	1	crates/nvim/src/eval/encode/mod.rs
2	.color_col_attr	1	1	crates/nvim/src/drawline/state.rs
2	.conv_bool	0	0	
2	.conv_dict_start	0	0	
2	.conv_float	0	0	
2	.conv_func_before_args	0	0	
2	.conv_func_end	0	0	
2	.conv_func_start	0	7	
2	.conv_list_start	0	0	
2	.conv_nil	0	0	
2	.conv_number	0	0	
2	.conv_str_string	0	3	
2	.conv_string	0	7	
2	.convert	0	182	
2	.emit	0	1	crates/nvim/src/popupmenu/draw.rs
2	.ended	1	1	crates/nvim/src/winlayer.rs
2	.enter	0	1	crates/nvim/src/option/context.rs
2	.finish	0	1	crates/nvim/src/optionstr/expand.rs
2	.has_flag	1	1	crates/nvim/src/textformat/para.rs
2	.has_more_inline_virt	0	0	
2	.into_vec	1	1	crates/nvim/src/runtime/cache.rs
2	.invoke	0	1	crates/nvim/src/runtime/search.rs
2	.invoke_one	0	1	crates/nvim/src/runtime/search.rs
2	.len_at	1	1	crates/nvim/src/eval/encode/mod.rs
2	.move_linerest	0	1	crates/nvim/src/fileio/convert.rs
2	.next_char	1	1	crates/nvim/src/winlayer.rs
2	.open_iconv	0	2	
2	.pack_dense	0	1	crates/nvim/src/shada/write.rs
2	.pack_freeing	0	0	
2	.push_scratch	0	1	crates/nvim/src/cjson/lua_cjson/decode.rs
2	.pushlstring	0	1	crates/nvim/src/lua/converter/push.rs
2	.relink_to	0	1	crates/nvim/src/mapping/table.rs
2	.rep_items	1	1	crates/nvim/src/spellsuggest/walk/rep.rs
2	.select	0	1	crates/nvim/src/file_search/visited.rs
2	.set_len	0	0	
2	.tail	0	2	
2	.to_owned_string	1	1	crates/nvim/src/option/value.rs
2	.write_raw	0	1	crates/nvim/src/eval/fs/write.rs
2	Al::new	0	68	
2	BlobRef::retained	0	1	crates/nvim/src/eval/typval/blob.rs
2	Cc::new	0	68	
2	CfgKeys::new	0	68	
2	Cp::new	0	68	
2	Cursor::at	0	1	crates/nvim/src/mapping/table.rs
2	Dbg::new	0	68	
2	Df::from_raw	0	1	crates/nvim/src/diff/update.rs
2	Ev::new	0	68	
2	Item::new	0	68	
2	KeyModes::read	0	5	
2	Li::new	0	68	
2	LuaRefArg::new	1	1	crates/nvim/src/lua/api_wrappers/mod.rs
2	Matches::with_capacity	1	1	crates/nvim/src/optionstr/expand.rs
2	Owned::from_raw	0	1	crates/nvim/src/allocator.rs
2	Parser::of	0	1	crates/nvim/src/vterm/parser.rs
2	Self::buf	0	1	crates/nvim/src/eval/encode/msgpack.rs
2	SignRef::new	0	1	crates/nvim/src/sign/store.rs
2	Some	0	0	
2	Sug::new	0	68	
2	Vec::from_raw_parts	0	0	
2	Virt::chain	0	1	crates/nvim/src/decoration/handles.rs
2	Wop::new	0	68	
2	XString::from_cstr	0	0	
2	add_b0_fenc	0	1	crates/nvim/src/memline/block0.rs
2	add_banned	0	1	crates/nvim/src/spellsuggest/collect.rs
2	add_pack_plugins	0	1	crates/nvim/src/runtime/pack.rs
2	add_per_affix	0	1	crates/nvim/src/spellfile/wordtree.rs
2	add_search_pattern	0	1	crates/nvim/src/shada/collect.rs
2	add_timer_info	0	1	crates/nvim/src/eval/timer.rs
2	add_tv	0	1	crates/nvim/src/quickfix/getprops.rs
2	adjust_cursor	0	1	crates/nvim/src/normal/motion.rs
2	adopt_names	0	1	crates/nvim/src/buffer/name.rs
2	alist_add	0	1	crates/nvim/src/arglist/mod.rs
2	alist_clear	0	1	crates/nvim/src/arglist/mod.rs
2	allcap_copy	0	1	crates/nvim/src/spell/chartab.rs
2	alloc_buffer	0	1	crates/nvim/src/vterm/screen/mod.rs
2	alloc_run	0	1	crates/nvim/src/optionstr/chars.rs
2	api_object_to_bool	0	1	crates/nvim/src/api/private/helpers/value.rs
2	append_arg_number	0	1	crates/nvim/src/buffer/info.rs
2	append_mark	0	1	crates/nvim/src/eval/funcs/marks.rs
2	arena_alloc_block	0	1	crates/nvim/src/memory/arena.rs
2	arena_allocz	0	1	crates/nvim/src/memory/arena.rs
2	arena_dup	0	1	crates/nvim/src/tui/quirks.rs
2	arena_strdup	0	1	crates/nvim/src/memory/arena.rs
2	arg_event_skip	0	1	crates/nvim/src/autocmd/define.rs
2	arglist_as_rettv	0	1	crates/nvim/src/arglist/eval.rs
2	ask_yesno	0	1	crates/nvim/src/input.rs
2	asked_for	0	1	crates/nvim/src/quickfix/getprops.rs
2	assert_append_cmd_or_arg	0	1	crates/nvim/src/testing/mod.rs
2	attach_socket	0	1	crates/nvim/src/channel/open.rs
2	au_show_for_event	0	1	crates/nvim/src/autocmd/listing.rs
2	aucmd_handler_to_string	0	1	crates/nvim/src/autocmd/define.rs
2	aucmd_next	0	1	crates/nvim/src/autocmd/walk.rs
2	augroup_add	0	1	crates/nvim/src/autocmd/groups.rs
2	autocmd_register	0	1	crates/nvim/src/autocmd/define.rs
2	autoload_name	0	1	crates/nvim/src/runtime/script.rs
2	b0_read_number	0	0	
2	backslash_halve	0	1	crates/nvim/src/charset/mod.rs
2	backslash_halve_save	0	1	crates/nvim/src/charset/mod.rs
2	backslashes_before	0	1	crates/nvim/src/option/expand.rs
2	blob_set_range	0	1	crates/nvim/src/eval/typval/blob.rs
2	blob_unref	0	1	crates/nvim/src/eval/typval/blob.rs
2	block_def2str	1	1	crates/nvim/src/eval/funcs/region.rs
2	briopt_check	0	1	crates/nvim/src/indent/breakindent.rs
2	buckets	1	1	crates/nvim/src/map/table.rs
2	buf_get_backup_name	0	1	crates/nvim/src/bufwrite/backup.rs
2	buf_reload	1	1	crates/nvim/src/fileio/timestamp.rs
2	buf_set_name	0	1	crates/nvim/src/buffer/name.rs
2	buffer_del_line	0	1	crates/nvim/src/api/deprecated/lines.rs
2	buffer_for_fname	0	1	crates/nvim/src/shada/read.rs
2	buffer_get_line	1	1	crates/nvim/src/api/deprecated/lines.rs
2	buffer_set_line	0	1	crates/nvim/src/api/deprecated/lines.rs
2	buflist_name_nr	0	1	crates/nvim/src/buffer/name.rs
2	build_statuscol_str	0	1	crates/nvim/src/statusline/mod.rs
2	build_stl_str_hl	0	1	crates/nvim/src/statusline/stl/mod.rs
2	byte_in_str	0	1	crates/nvim/src/spell/chartab.rs
2	cache_lua_answer	1	1	crates/nvim/src/cmdexpand/generate.rs
2	call_function_with	0	1	crates/nvim/src/api/vimscript/eval.rs
2	call_user_expand_func	0	1	crates/nvim/src/cmdexpand/userfunc.rs
2	call_user_func_check	0	1	crates/nvim/src/eval/userfunc/call.rs
2	callable_name	0	1	crates/nvim/src/eval/expr/compare.rs
2	callback_put	0	1	crates/nvim/src/eval/typval/watcher.rs
2	cells_mut	0	1	crates/nvim/src/vterm/screen/mod.rs
2	channel_destroy_early	0	1	crates/nvim/src/channel/mod.rs
2	channel_from_stdio	0	1	crates/nvim/src/channel/open.rs
2	channel_info_changed	0	1	crates/nvim/src/channel/info.rs
2	channel_instream	0	1	crates/nvim/src/channel/mod.rs
2	channel_pty	0	1	crates/nvim/src/channel/mod.rs
2	channel_reader_callbacks	0	1	crates/nvim/src/channel/reader.rs
2	channel_write	0	1	crates/nvim/src/msgpack_rpc/channel/mod.rs
2	char_and_len	0	1	crates/nvim/src/mbyte/walk.rs
2	char_idx2byte	0	1	crates/nvim/src/eval/expr/index.rs
2	check_abbr	0	1	crates/nvim/src/mapping/abbrev.rs
2	check_cur_search_hl	0	1	crates/nvim/src/match/searchhl.rs
2	check_dict_seen	0	1	crates/nvim/src/eval/typval_encode/walk.rs
2	check_help_lang	0	1	crates/nvim/src/help/mod.rs
2	check_regexp_delim	1	1	crates/nvim/src/ex_cmds/subst/parse.rs
2	check_self_reference	0	1	crates/nvim/src/eval/typval_encode/walk.rs
2	check_user_func_argcount	0	1	crates/nvim/src/eval/userfunc/args.rs
2	check_vars	0	1	crates/nvim/src/eval/vars/lookup.rs
2	clear_autocmd	0	1	crates/nvim/src/api/autocmd/create.rs
2	clear_diffin	0	1	crates/nvim/src/diff/update.rs
2	clear_float_config	0	1	crates/nvim/src/window/config.rs
2	clear_keywtab	0	1	crates/nvim/src/syntax/keyword.rs
2	clear_loop_lines	0	1	crates/nvim/src/ex_docmd/cmdline.rs
2	clear_winopt	0	1	crates/nvim/src/option/copy.rs
2	close_spellbuf	0	0	
2	cmd_source	0	1	crates/nvim/src/runtime/source.rs
2	cmdline_pum_create	0	1	crates/nvim/src/cmdexpand/pum.rs
2	cmp	0	1	crates/nvim/src/cstr.rs
2	collect_runtime_matches	0	1	crates/nvim/src/runtime/expand.rs
2	compl_pattern_from_line	0	1	crates/nvim/src/insexpand/session.rs
2	concat_pattern_with_buffer_match	0	1	crates/nvim/src/cmdexpand/bufpat.rs
2	copy_byte	0	1	crates/nvim/src/normal/ident.rs
2	copy_bytes	0	1	crates/nvim/src/memory/mod.rs
2	copy_char	0	2	
2	copy_redo	1	1	crates/nvim/src/getchar/redo.rs
2	copy_register	0	1	crates/nvim/src/register/store.rs
2	copy_unescaped	0	1	crates/nvim/src/charset/mod.rs
2	count_common_word	0	1	crates/nvim/src/spell/slang.rs
2	create_user_command	0	1	crates/nvim/src/api/command/user.rs
2	cstrn_to_string	0	1	crates/nvim/src/api/private/helpers/text.rs
2	ctx_from_dict	0	1	crates/nvim/src/context.rs
2	ctx_restore	0	1	crates/nvim/src/context.rs
2	ctx_save	0	1	crates/nvim/src/context.rs
2	ctx_to_dict	0	1	crates/nvim/src/context.rs
2	cur_arglist	1	1	crates/nvim/src/arglist/mod.rs
2	cursor_pos_info	0	1	crates/nvim/src/ops/count.rs
2	cycle	0	1	crates/nvim/src/message/prtline.rs
2	dbg_parsearg	0	1	crates/nvim/src/debugger/mod.rs
2	dec	0	0	
2	decl	0	0	
2	decode_create_map_special_dict	0	1	crates/nvim/src/eval/decode/mod.rs
2	decor_free	1	1	crates/nvim/src/decoration/mod.rs
2	decor_free_inner	0	1	crates/nvim/src/decoration/mod.rs
2	decor_redraw_sh	0	0	
2	decor_virt_pos	0	1	crates/nvim/src/decoration/state.rs
2	decor_virt_pos_kind	0	1	crates/nvim/src/decoration/state.rs
2	decref	0	1	crates/nvim/src/event/proc.rs
2	delete_var	0	1	crates/nvim/src/eval/vars/lifecycle.rs
2	deref_wordnode	0	1	crates/nvim/src/spellfile/wordtree.rs
2	dict_arg	0	1	crates/nvim/src/sign/vimscript.rs
2	dict_equal	0	0	
2	dict_lookup	0	1	crates/nvim/src/terminal/mod.rs
2	dict_to_hlattrs	1	1	crates/nvim/src/ui_client.rs
2	did_set_vartabs	0	1	crates/nvim/src/optionstr/buffer.rs
2	diff_check_sanity	0	1	crates/nvim/src/diff/block.rs
2	diff_file	0	1	crates/nvim/src/diff/engine.rs
2	diff_file_internal	0	1	crates/nvim/src/diff/engine.rs
2	diff_find_change	0	1	crates/nvim/src/diff/inline.rs
2	diff_read	0	1	crates/nvim/src/diff/hunk.rs
2	diff_write	0	1	crates/nvim/src/diff/update.rs
2	diff_write_buffer	0	1	crates/nvim/src/diff/update.rs
2	dir_of_file_exists	0	1	crates/nvim/src/path/names.rs
2	directly_after	0	1	crates/nvim/src/optionstr/expand.rs
2	dis_msg	0	1	crates/nvim/src/register/display.rs
2	discard_pending_return	0	1	crates/nvim/src/ex_eval/mod.rs
2	do_addsub	0	1	crates/nvim/src/ops/addsub.rs
2	do_autocmd_completedone	0	1	crates/nvim/src/insexpand/vimscript.rs
2	do_autocmd_textyankpost	0	1	crates/nvim/src/register/yank.rs
2	do_concat_fnames	0	1	crates/nvim/src/path/names.rs
2	do_errthrow	0	1	crates/nvim/src/ex_eval/exception.rs
2	do_helptags	0	1	crates/nvim/src/help/tags.rs
2	do_in_path_and_pp	0	1	crates/nvim/src/runtime/search.rs
2	do_map	0	1	crates/nvim/src/mapping/domap.rs
2	do_mapclear	0	1	crates/nvim/src/mapping/domap.rs
2	do_searchpair	0	1	crates/nvim/src/eval/funcs/search.rs
2	do_set	0	1	crates/nvim/src/option/set_cmd.rs
2	do_shell	0	1	crates/nvim/src/ex_cmds/filter.rs
2	do_showbacktrace	0	1	crates/nvim/src/debugger/mode.rs
2	do_string_sub	0	1	crates/nvim/src/eval/pattern.rs
2	dup	0	0	
2	dup2	0	0	
2	each_dict_arg	0	1	crates/nvim/src/sign/vimscript.rs
2	edit_stdin	0	1	crates/nvim/src/startup/args.rs
2	emit_line	1	1	crates/nvim/src/ex_cmds/text.rs
2	encode_init_lrstate	0	1	crates/nvim/src/eval/encode/mod.rs
2	encode_read_from_list	0	1	crates/nvim/src/eval/encode/mod.rs
2	encode_tv2json	0	1	crates/nvim/src/eval/encode/mod.rs
2	encode_vim_to_msgpack	0	1	crates/nvim/src/eval/encode/msgpack.rs
2	ends_excmd	0	0	
2	ends_in_newline	0	1	crates/nvim/src/eval/buffer/prompt.rs
2	entry_file_name	0	1	crates/nvim/src/quickfix/parse.rs
2	erase	0	1	crates/nvim/src/vterm/screen/callbacks.rs
2	escape_fname	0	1	crates/nvim/src/ex_getln/buffer.rs
2	escape_matches	0	1	crates/nvim/src/cmdexpand/escape.rs
2	escape_option_str_cmdline	0	1	crates/nvim/src/option/expand.rs
2	eval1_emsg	0	1	crates/nvim/src/eval/entry.rs
2	eval5	0	1	crates/nvim/src/eval/expr/level.rs
2	eval6	0	1	crates/nvim/src/eval/expr/level.rs
2	eval7_leader	0	1	crates/nvim/src/eval/expr/level.rs
2	eval_charconvert	0	1	crates/nvim/src/eval/vars/external.rs
2	eval_dict	0	1	crates/nvim/src/eval/expr/container.rs
2	eval_expr_no_emsg	0	1	crates/nvim/src/debugger/mod.rs
2	eval_expr_to_bool	0	1	crates/nvim/src/eval/entry.rs
2	eval_fname_script	0	1	crates/nvim/src/eval/userfunc/name.rs
2	eval_func	0	1	crates/nvim/src/eval/expr/call.rs
2	eval_includeexpr	0	1	crates/nvim/src/file_search/cursor.rs
2	eval_index_inner	0	1	crates/nvim/src/eval/expr/index.rs
2	eval_lit_string	0	1	crates/nvim/src/eval/expr/literal.rs
2	eval_logical	0	1	crates/nvim/src/eval/expr/level.rs
2	eval_one_expr_in_str	0	1	crates/nvim/src/eval/vars/heredoc.rs
2	eval_string	0	1	crates/nvim/src/eval/expr/literal.rs
2	ex_unletlock	0	1	crates/nvim/src/eval/vars/unlet.rs
2	execute_cmd	0	1	crates/nvim/src/ex_docmd/api.rs
2	execute_cmd0	0	1	crates/nvim/src/ex_docmd/api.rs
2	execute_env	0	1	crates/nvim/src/startup/args.rs
2	execute_menu	0	1	crates/nvim/src/menu/exec.rs
2	expand_buf_names	0	1	crates/nvim/src/buffer/expand.rs
2	expand_cmdline	0	1	crates/nvim/src/cmdexpand/cmdname.rs
2	expand_help_files	0	1	crates/nvim/src/help/tags.rs
2	expand_name_patterns	0	1	crates/nvim/src/runtime/search.rs
2	expand_pack_entry	0	1	crates/nvim/src/runtime/cache.rs
2	expand_path_option	0	1	crates/nvim/src/path/expand.rs
2	expand_replacement	0	2	
2	expand_set_opt_string	0	1	crates/nvim/src/optionstr/expand.rs
2	expand_showtail	0	1	crates/nvim/src/cmdexpand/showmatch.rs
2	extmark_apply_undo	0	0	
2	fcntl	0	0	
2	fetch_config	0	1	crates/nvim/src/cjson/lua_cjson/mod.rs
2	fgetc	0	0	
2	field_end	0	1	crates/nvim/src/tag/jump.rs
2	field_text_end	0	1	crates/nvim/src/tag/jump.rs
2	field_value_err	0	1	crates/nvim/src/optionstr/chars.rs
2	file_list	0	1	crates/nvim/src/memline/swapname.rs
2	file_name_in_line	0	1	crates/nvim/src/file_search/cursor.rs
2	fill_complete_info_dict	0	1	crates/nvim/src/insexpand/vimscript.rs
2	find_common_prefix	0	1	crates/nvim/src/insexpand/text.rs
2	find_decl	0	1	crates/nvim/src/normal/identfind.rs
2	find_endpos	0	1	crates/nvim/src/syntax/endpos.rs
2	find_extra	0	1	crates/nvim/src/tag/jump.rs
2	find_globvar	0	1	crates/nvim/src/api/vim/vars.rs
2	find_help_tags	0	1	crates/nvim/src/help/mod.rs
2	find_keepcap_word	0	1	crates/nvim/src/spellsuggest/soundalike.rs
2	find_next_quote	0	1	crates/nvim/src/textobject/quote.rs
2	find_nextcmd	0	1	crates/nvim/src/ex_docmd/scan.rs
2	find_option_end	0	1	crates/nvim/src/option/set_cmd.rs
2	find_option_var_end	0	1	crates/nvim/src/eval/name.rs
2	find_prev_quote	0	1	crates/nvim/src/textobject/quote.rs
2	find_region	0	1	crates/nvim/src/spell/lang.rs
2	find_tty_option_end	0	1	crates/nvim/src/option/set_cmd.rs
2	find_ucmd	0	1	crates/nvim/src/usercmd/mod.rs
2	find_var_in_scoped_ht	0	1	crates/nvim/src/eval/userfunc/funccall.rs
2	findswapname	0	1	crates/nvim/src/memline/swapname.rs
2	finish_write_reg	0	1	crates/nvim/src/register/contents.rs
2	fix_input_buffer	0	1	crates/nvim/src/getchar/peek.rs
2	fix_pos_col	0	1	crates/nvim/src/api/buffer/text.rs
2	flag_fallback	1	1	crates/nvim/src/ex_cmds/sort.rs
2	flush_event	0	1	crates/nvim/src/api/ui/packer.rs
2	fmarks_check_one	0	1	crates/nvim/src/mark/mod.rs
2	fold_insert	1	1	crates/nvim/src/fold/adjust.rs
2	fold_move_range	0	1	crates/nvim/src/fold/adjust.rs
2	fopen_noinh_readbin	0	1	crates/nvim/src/runtime/source.rs
2	for_each_config_dir	0	0	
2	format_overflow_error	0	1	crates/nvim/src/strings/printf/spec.rs
2	format_reg_type	0	1	crates/nvim/src/register/yank.rs
2	fread	0	0	
2	fread_len	0	1	crates/nvim/src/shada/unpack.rs
2	free	1	3	
2	free_entry	0	1	crates/nvim/src/syntax/keyword.rs
2	free_for_info	0	1	crates/nvim/src/eval/forloop.rs
2	free_funccal	0	1	crates/nvim/src/eval/userfunc/funccall.rs
2	free_jumplist	1	1	crates/nvim/src/mark/jumplist.rs
2	free_typebuf	1	1	crates/nvim/src/getchar/typeahead.rs
2	free_ucmd	1	1	crates/nvim/src/usercmd/mod.rs
2	free_wininfo	0	1	crates/nvim/src/window/alloc.rs
2	fseek	0	0	
2	ftello	0	0	
2	full_name_of	0	1	crates/nvim/src/file_search/init.rs
2	func_clear_items	0	1	crates/nvim/src/eval/userfunc/funccall.rs
2	func_line	0	1	crates/nvim/src/profile/mod.rs
2	func_line_end	0	1	crates/nvim/src/profile/mod.rs
2	func_line_start	0	1	crates/nvim/src/profile/mod.rs
2	func_remove	0	1	crates/nvim/src/eval/userfunc/funccall.rs
2	funccal_unref	0	1	crates/nvim/src/eval/userfunc/funccall.rs
2	fuzzy_match_str_in_line	0	1	crates/nvim/src/insexpand/sources.rs
2	ga_concat_esc	0	1	crates/nvim/src/testing/report.rs
2	ga_concat_strings	0	1	crates/nvim/src/garray.rs
2	ga_strings	0	1	crates/nvim/src/runtime/expand.rs
2	get2c	0	1	crates/nvim/src/fileio/mod.rs
2	get_affix_flags	0	1	crates/nvim/src/spellfile/dic.rs
2	get_arglist	0	1	crates/nvim/src/arglist/mod.rs
2	get_arglist_exp	0	1	crates/nvim/src/arglist/mod.rs
2	get_breakindent_win	0	1	crates/nvim/src/indent/breakindent.rs
2	get_callback_if_cpt_func	0	1	crates/nvim/src/insexpand/callbacks.rs
2	get_clipboard	0	1	crates/nvim/src/clipboard.rs
2	get_compflags	0	1	crates/nvim/src/spellfile/dic.rs
2	get_cpt_func_completion_matches	0	1	crates/nvim/src/insexpand/callbacks.rs
2	get_emsg_lnum	0	1	crates/nvim/src/message/errors.rs
2	get_emsg_source	0	1	crates/nvim/src/message/errors.rs
2	get_extra_buf	0	1	crates/nvim/src/drawline/state.rs
2	get_file_in_dir	0	1	crates/nvim/src/memline/swapname.rs
2	get_foldtext	0	1	crates/nvim/src/fold/text.rs
2	get_framelayout	0	1	crates/nvim/src/eval/window/info.rs
2	get_func_arguments	0	1	crates/nvim/src/eval/userfunc/args.rs
2	get_inserted	1	1	crates/nvim/src/getchar/buffers.rs
2	get_keystroke	0	1	crates/nvim/src/input.rs
2	get_lambda_tv	0	1	crates/nvim/src/eval/userfunc/lambda.rs
2	get_last_insert_save	0	1	crates/nvim/src/edit/lastins.rs
2	get_matches_in_str	0	1	crates/nvim/src/eval/funcs/regexp.rs
2	get_option_value_for	0	1	crates/nvim/src/option/context.rs
2	get_pfxlist	0	1	crates/nvim/src/spellfile/dic.rs
2	get_qfline_items	0	1	crates/nvim/src/quickfix/getprops.rs
2	get_rel_pos	0	1	crates/nvim/src/buffer/info.rs
2	get_runtime_cmd_flags	0	1	crates/nvim/src/runtime/search.rs
2	get_syntax_attr	0	1	crates/nvim/src/syntax/attr.rs
2	get_syntax_info	0	1	crates/nvim/src/syntax/query.rs
2	get_user_highlight_attr	0	1	crates/nvim/src/insexpand/callbacks.rs
2	get_yank_type	0	1	crates/nvim/src/eval/funcs/register.rs
2	getcell	0	1	crates/nvim/src/vterm/screen/mod.rs
2	getcmdline_prompt	0	1	crates/nvim/src/ex_getln/enter.rs
2	getgid	0	0	
2	getline_cookie	0	1	crates/nvim/src/ex_docmd/source.rs
2	getlist_append_pair	0	1	crates/nvim/src/digraph/mod.rs
2	gettext_raw	0	1	crates/nvim/src/os/cshim.rs
2	global_exe	0	1	crates/nvim/src/ex_cmds/global.rs
2	global_exe_one	0	1	crates/nvim/src/ex_cmds/global.rs
2	grab_file_name	0	1	crates/nvim/src/file_search/cursor.rs
2	grid_draw_border	0	1	crates/nvim/src/grid/border.rs
2	grid_draw_bordertext	0	1	crates/nvim/src/grid/border.rs
2	grid_put_linebuf	1	1	crates/nvim/src/grid/line.rs
2	group_arg	0	1	crates/nvim/src/sign/vimscript.rs
2	grow_string_tv	0	1	crates/nvim/src/eval/expr/arith.rs
2	handle_mkdir_p_arg	0	1	crates/nvim/src/ex_cmds/write.rs
2	has_bytes	0	0	
2	has_entry_flag	0	1	crates/nvim/src/quickfix/list.rs
2	has_env_var	0	1	crates/nvim/src/path/expand.rs
2	has_profiling	0	1	crates/nvim/src/debugger/mod.rs
2	header_adopt	0	1	crates/nvim/src/undo/store.rs
2	heredoc_get	0	1	crates/nvim/src/eval/vars/heredoc.rs
2	hl_add_url	0	1	crates/nvim/src/highlight/mod.rs
2	hmll_remove	0	1	crates/nvim/src/shada/merge.rs
2	hms_dealloc	0	1	crates/nvim/src/shada/merge.rs
2	hms_init	0	1	crates/nvim/src/shada/merge.rs
2	hms_insert_whole_neovim_history	0	1	crates/nvim/src/shada/merge.rs
2	holds_references	0	0	
2	hook	0	0	
2	id2node	0	1	crates/nvim/src/marktree/node.rs
2	ignorecase_opt	0	1	crates/nvim/src/search/pattern.rs
2	include_uses_zs	0	1	crates/nvim/src/search/includes.rs
2	indent_progress	0	1	crates/nvim/src/indent/edit.rs
2	info_tv	0	0	
2	init	0	0	
2	init_line_array	0	1	crates/nvim/src/api/buffer/lines.rs
2	init_sign_text	0	1	crates/nvim/src/sign/text.rs
2	init_synblock	0	1	crates/nvim/src/syntax/clear.rs
2	init_write_reg	0	1	crates/nvim/src/register/contents.rs
2	inline_virt_at	0	1	crates/nvim/src/drawline/virttext.rs
2	input_enqueue_raw	0	1	crates/nvim/src/os/input.rs
2	ins_bytes	0	1	crates/nvim/src/change/text.rs
2	ins_compl_fix_redo_buf_for_leader	0	1	crates/nvim/src/insexpand/keys.rs
2	ins_compl_has_multiple	1	1	crates/nvim/src/insexpand/mode.rs
2	ins_compl_item_free	1	1	crates/nvim/src/insexpand/matchlist.rs
2	ins_compl_lnum_in_range	1	1	crates/nvim/src/insexpand/mode.rs
2	int_wordlist_spl	0	1	crates/nvim/src/spell/lang.rs
2	is_continuation_comment	0	1	crates/nvim/src/register/exec.rs
2	is_regex_match	0	1	crates/nvim/src/cmdexpand/bufpat.rs
2	isopt_char	1	1	crates/nvim/src/charset/mod.rs
2	item_compare	0	1	crates/nvim/src/eval/typval/sort.rs
2	item_compare2	0	1	crates/nvim/src/eval/typval/sort.rs
2	key_at	0	1	crates/nvim/src/map/table.rs
2	leader_hides	1	1	crates/nvim/src/insexpand/insert.rs
2	line_putchar	0	1	crates/nvim/src/drawline/virttext.rs
2	linetabsize_str	0	1	crates/nvim/src/plines/mod.rs
2	list_free	0	1	crates/nvim/src/eval/typval/list.rs
2	list_free_list	0	1	crates/nvim/src/eval/typval/list.rs
2	list_func_head	0	1	crates/nvim/src/eval/userfunc/define.rs
2	list_functions	0	1	crates/nvim/src/eval/userfunc/listing.rs
2	list_init_static	0	1	crates/nvim/src/eval/typval/list.rs
2	list_join	0	1	crates/nvim/src/eval/typval/listrange.rs
2	list_one_var_a	0	1	crates/nvim/src/eval/vars/listing.rs
2	lister	0	0	
2	listxattr	0	0	
2	ll_release	0	1	crates/nvim/src/quickfix/stack.rs
2	load_colors	0	1	crates/nvim/src/highlight_group/defaults.rs
2	loaded_var	0	1	crates/nvim/src/eval/provider.rs
2	loop_poll_events	0	1	crates/nvim/src/event/loop.rs
2	luaL_argerror	0	0	
2	luaL_checktype	0	0	
2	lua_newtable	0	1	crates/nvim/src/lua/ffi.rs
2	lua_pushhunk	0	1	crates/nvim/src/lua/xdiff.rs
2	lua_rawgeti	0	0	
2	makeswapname	0	1	crates/nvim/src/memline/swapname.rs
2	map_put_ref	0	2	
2	mark_check_line_bounds	0	1	crates/nvim/src/mark/mod.rs
2	mark_get_visual	0	1	crates/nvim/src/mark/lookup.rs
2	mark_global_iter	0	1	crates/nvim/src/mark/shada.rs
2	mark_move_to	0	1	crates/nvim/src/mark/lookup.rs
2	mark_reader	0	1	crates/nvim/src/eval/collect.rs
2	marktree_free_subtree	1	1	crates/nvim/src/marktree/mod.rs
2	marktree_itr_next	0	0	
2	match_checkcompoundpattern	0	1	crates/nvim/src/spell/lookup.rs
2	match_compoundrule	0	1	crates/nvim/src/spell/lookup.rs
2	match_file_list	0	1	crates/nvim/src/fileio/names.rs
2	match_keyword	0	1	crates/nvim/src/syntax/endpos.rs
2	match_range	1	1	crates/nvim/src/ex_cmds/sort.rs
2	match_str	0	1	crates/nvim/src/option/expand.rs
2	match_suffix	0	1	crates/nvim/src/path/glob.rs
2	matches_composing	0	1	crates/nvim/src/regexp/nfa/composing.rs
2	matches_line	0	1	crates/nvim/src/ex_cmds/global.rs
2	mb_check_adjust_col	0	1	crates/nvim/src/mbyte/walk.rs
2	mb_off_next	0	1	crates/nvim/src/mbyte/walk.rs
2	mb_ptr_back	0	1	crates/nvim/src/ops/join.rs
2	mb_string2cells_len	0	1	crates/nvim/src/mbyte/cells.rs
2	menu_is_separator	0	1	crates/nvim/src/menu/mod.rs
2	merge_gaps	0	1	crates/nvim/src/diff/refine.rs
2	mf_free	0	1	crates/nvim/src/memfile/mod.rs
2	mf_open	0	1	crates/nvim/src/memfile/mod.rs
2	mf_open_file	0	1	crates/nvim/src/memfile/mod.rs
2	mkspell	0	1	crates/nvim/src/spellfile/mod.rs
2	ml_append_flags	0	1	crates/nvim/src/memline/lines.rs
2	ml_append_flush	0	1	crates/nvim/src/memline/lines.rs
2	ml_append_int	0	1	crates/nvim/src/memline/edit.rs
2	ml_get_buf_mut	0	1	crates/nvim/src/memline/lines.rs
2	ml_get_placeholder	0	1	crates/nvim/src/memline/tree.rs
2	ml_new_data	0	1	crates/nvim/src/memline/tree.rs
2	ml_new_ptr	0	1	crates/nvim/src/memline/tree.rs
2	modify_fname	0	1	crates/nvim/src/eval/fs/name.rs
2	mpack_object_inner	0	1	crates/nvim/src/msgpack_rpc/packer/mod.rs
2	mpack_parse_typval	0	1	crates/nvim/src/eval/decode/msgpack.rs
2	mpack_write	0	1	crates/nvim/src/mpack/mpack_core.rs
2	msg	0	0	
2	msg_add_fileformat	1	1	crates/nvim/src/fileio/mod.rs
2	msg_add_lines	1	1	crates/nvim/src/fileio/mod.rs
2	msg_hist_free_msg	0	1	crates/nvim/src/message/history.rs
2	msg_may_trunc	0	1	crates/nvim/src/message/mod.rs
2	msg_multihl	0	1	crates/nvim/src/message/mod.rs
2	msgpack_rpc_get_handler_for	0	1	crates/nvim/src/api/private/dispatch/mod.rs
2	multiqueue_move_events	0	1	crates/nvim/src/event/multiqueue.rs
2	multiqueue_new	0	1	crates/nvim/src/event/multiqueue.rs
2	multiqueue_replace_parent	0	1	crates/nvim/src/event/multiqueue.rs
2	my_iconv_open	0	1	crates/nvim/src/mbyte/convert.rs
2	name_in	1	1	crates/nvim/src/statusline/tabline.rs
2	namespace_id	0	1	crates/nvim/src/sign/store.rs
2	need_conversion	0	1	crates/nvim/src/fileio/convert.rs
2	new_script_item	0	1	crates/nvim/src/runtime/source.rs
2	next_buffer_mark	0	1	crates/nvim/src/mark/shada.rs
2	next_char	1	1	crates/nvim/src/winlayer.rs
2	next_fenc	0	1	crates/nvim/src/fileio/convert.rs
2	nfa_get_reganch	0	1	crates/nvim/src/regexp/nfa/compile.rs
2	nfa_get_regstart	0	1	crates/nvim/src/regexp/nfa/compile.rs
2	nlua_do_ucmd	0	1	crates/nvim/src/lua/executor/ucmd.rs
2	nlua_init	0	1	crates/nvim/src/lua/executor/state.rs
2	nlua_luv_thread_common_cfpcall	0	1	crates/nvim/src/lua/executor/luv.rs
2	nlua_pcall	0	1	crates/nvim/src/lua/executor/error.rs
2	nlua_pop_keydict	0	1	crates/nvim/src/lua/converter/keysets.rs
2	nlua_pop_luaref	0	1	crates/nvim/src/lua/converter/pop.rs
2	nlua_ref_global	0	1	crates/nvim/src/lua/executor/refs.rs
2	nlua_register_table_as_callable	0	1	crates/nvim/src/lua/executor/callable.rs
2	nlua_traverse_table	0	1	crates/nvim/src/lua/converter/pop.rs
2	nlua_typval_call	0	1	crates/nvim/src/lua/executor/exec.rs
2	no_match	0	1	crates/nvim/src/quickfix/parse.rs
2	node_compress	0	1	crates/nvim/src/spellfile/wordtree.rs
2	normal_cmd	0	1	crates/nvim/src/normal/state.rs
2	normal_execute	0	1	crates/nvim/src/normal/dispatch.rs
2	normal_prepare	0	1	crates/nvim/src/normal/state.rs
2	nth_child	0	1	crates/nvim/src/event/proc.rs
2	number	0	1	crates/nvim/src/tag/stack.rs
2	number_at	1	1	crates/nvim/src/keycodes/mod.rs
2	nvim__buf_stats	1	1	crates/nvim/src/api/buffer/attach.rs
2	nvim__complete_set	0	1	crates/nvim/src/api/vim/statusline.rs
2	nvim__get_runtime	0	1	crates/nvim/src/api/vim/runtime.rs
2	nvim__id_dict	1	1	crates/nvim/src/api/vim/inspect.rs
2	nvim__inspect_cell	0	1	crates/nvim/src/api/vim/inspect.rs
2	nvim__ns_get	1	1	crates/nvim/src/api/extmark/ns.rs
2	nvim__ns_set	0	1	crates/nvim/src/api/extmark/ns.rs
2	nvim__redraw	0	1	crates/nvim/src/api/vim/redraw.rs
2	nvim__runtime_inspect	1	1	crates/nvim/src/api/vim/runtime.rs
2	nvim__stats	1	1	crates/nvim/src/api/vim/inspect.rs
2	nvim_buf_attach	0	1	crates/nvim/src/api/buffer/attach.rs
2	nvim_buf_create_user_command	0	1	crates/nvim/src/api/command/user.rs
2	nvim_buf_delete	0	1	crates/nvim/src/api/buffer/props.rs
2	nvim_buf_get_extmark_by_id	0	1	crates/nvim/src/api/extmark/query.rs
2	nvim_buf_get_extmarks	0	1	crates/nvim/src/api/extmark/query.rs
2	nvim_buf_get_text	0	1	crates/nvim/src/api/buffer/lines.rs
2	nvim_buf_set_extmark	0	1	crates/nvim/src/api/extmark/set.rs
2	nvim_buf_set_keymap	0	1	crates/nvim/src/api/buffer/props.rs
2	nvim_buf_set_mark	0	1	crates/nvim/src/api/buffer/marks.rs
2	nvim_buf_set_text	0	1	crates/nvim/src/api/buffer/text.rs
2	nvim_buf_set_virtual_text	0	1	crates/nvim/src/api/deprecated/bufhl.rs
2	nvim_clear_autocmds	0	1	crates/nvim/src/api/autocmd/create.rs
2	nvim_cmd	0	1	crates/nvim/src/api/command/cmd.rs
2	nvim_create_augroup	0	1	crates/nvim/src/api/autocmd/group.rs
2	nvim_create_autocmd	0	1	crates/nvim/src/api/autocmd/create.rs
2	nvim_create_user_command	0	1	crates/nvim/src/api/command/user.rs
2	nvim_del_current_line	0	1	crates/nvim/src/api/vim/vars.rs
2	nvim_eval_statusline	0	1	crates/nvim/src/api/vim/statusline.rs
2	nvim_exec2	0	1	crates/nvim/src/api/vimscript/exec.rs
2	nvim_exec_autocmds	0	1	crates/nvim/src/api/autocmd/exec.rs
2	nvim_get_all_options_info	1	1	crates/nvim/src/api/options.rs
2	nvim_get_autocmds	0	1	crates/nvim/src/api/autocmd/query.rs
2	nvim_get_chan_info	1	1	crates/nvim/src/api/vim/client.rs
2	nvim_get_color_map	1	1	crates/nvim/src/api/vim/highlight.rs
2	nvim_get_commands	0	1	crates/nvim/src/api/command/user.rs
2	nvim_get_context	0	1	crates/nvim/src/api/vim/context.rs
2	nvim_get_current_line	1	1	crates/nvim/src/api/vim/vars.rs
2	nvim_get_hl	0	1	crates/nvim/src/api/vim/highlight.rs
2	nvim_get_hl_ns	0	1	crates/nvim/src/api/vim/highlight.rs
2	nvim_get_mark	0	1	crates/nvim/src/api/vim/marks.rs
2	nvim_get_mode	0	1	crates/nvim/src/api/vim/context.rs
2	nvim_get_namespaces	1	1	crates/nvim/src/api/extmark/ns.rs
2	nvim_get_option_info2	0	1	crates/nvim/src/api/options.rs
2	nvim_get_option_value	0	1	crates/nvim/src/api/options.rs
2	nvim_get_proc	0	1	crates/nvim/src/api/vim/inspect.rs
2	nvim_get_proc_children	0	1	crates/nvim/src/api/vim/inspect.rs
2	nvim_list_bufs	1	1	crates/nvim/src/api/vim/handles.rs
2	nvim_list_chans	1	1	crates/nvim/src/api/vim/client.rs
2	nvim_list_runtime_paths	0	1	crates/nvim/src/api/vim/runtime.rs
2	nvim_list_tabpages	1	1	crates/nvim/src/api/vim/handles.rs
2	nvim_list_uis	1	1	crates/nvim/src/api/vim/client.rs
2	nvim_list_wins	1	1	crates/nvim/src/api/vim/handles.rs
2	nvim_load_context	1	1	crates/nvim/src/api/vim/context.rs
2	nvim_notify	0	1	crates/nvim/src/api/deprecated/write.rs
2	nvim_open_tabpage	0	1	crates/nvim/src/api/tabpage.rs
2	nvim_open_term	0	1	crates/nvim/src/api/vim/term.rs
2	nvim_open_win	0	1	crates/nvim/src/api/win_config/open.rs
2	nvim_parse_cmd	0	1	crates/nvim/src/api/command/parse.rs
2	nvim_put	0	1	crates/nvim/src/api/vim/paste.rs
2	nvim_select_popupmenu_item	0	1	crates/nvim/src/api/vim/input.rs
2	nvim_set_current_line	0	1	crates/nvim/src/api/vim/vars.rs
2	nvim_set_hl	0	1	crates/nvim/src/api/vim/highlight.rs
2	nvim_set_keymap	0	1	crates/nvim/src/api/vim/input.rs
2	nvim_set_option_value	0	1	crates/nvim/src/api/options.rs
2	nvim_tabpage_list_wins	1	1	crates/nvim/src/api/tabpage.rs
2	nvim_ui_attach	1	1	crates/nvim/src/api/ui/mod.rs
2	nvim_win_get_config	1	1	crates/nvim/src/api/win_config/get.rs
2	nvim_win_get_cursor	1	1	crates/nvim/src/api/window.rs
2	nvim_win_get_position	1	1	crates/nvim/src/api/window.rs
2	nvim_win_set_config	0	1	crates/nvim/src/api/win_config/apply.rs
2	nvim_win_text_height	0	1	crates/nvim/src/api/window.rs
2	on_channel_output	0	1	crates/nvim/src/channel/reader.rs
2	op_addsub	0	1	crates/nvim/src/ops/addsub.rs
2	op_colon	0	1	crates/nvim/src/ops/external.rs
2	op_global_reg_iter	0	1	crates/nvim/src/register/store.rs
2	op_reindent	0	1	crates/nvim/src/indent/edit.rs
2	op_shift	0	1	crates/nvim/src/ops/shift.rs
2	op_yank	0	1	crates/nvim/src/register/yank.rs
2	open_exfile	0	1	crates/nvim/src/ex_docmd/argopt.rs
2	open_fold	0	1	crates/nvim/src/fold/open_close.rs
2	operand	0	0	
2	optional_args	0	1	crates/nvim/src/match/vimscript.rs
2	optional_fields	0	1	crates/nvim/src/undo/file.rs
2	original_value	0	1	crates/nvim/src/optionstr/expand.rs
2	os_copy	0	0	
2	os_copy_xattr	0	1	crates/nvim/src/os/fs/meta.rs
2	os_file_is_writable	0	0	
2	os_file_settime	0	0	
2	os_fsync	1	1	crates/nvim/src/os/fs/mod.rs
2	os_get_uname	0	1	crates/nvim/src/os/users.rs
2	os_mkdir	0	0	
2	os_nodetype	0	0	
2	os_scandir	0	0	
2	os_setenv	0	1	crates/nvim/src/os/env/mod.rs
2	os_unsetenv	0	1	crates/nvim/src/os/env/mod.rs
2	otherfile_buf	0	1	crates/nvim/src/buffer/name.rs
2	owned_str	0	1	crates/nvim/src/eval/funcs/reduce.rs
2	pack_has_entries	0	1	crates/nvim/src/runtime/pack.rs
2	pad_line	1	1	crates/nvim/src/cursor/mod.rs
2	parse_addr_type_arg	0	1	crates/nvim/src/usercmd/attr.rs
2	parse_border_opt	0	1	crates/nvim/src/optionstr/display.rs
2	parse_border_style	0	1	crates/nvim/src/api/win_config/border.rs
2	parse_cmdline	0	1	crates/nvim/src/ex_docmd/api.rs
2	parse_diffanchors	0	1	crates/nvim/src/diff/opts.rs
2	parse_pattern_and_range	0	1	crates/nvim/src/ex_getln/incsearch.rs
2	parse_shortname_mode	0	1	crates/nvim/src/mapping/introspect.rs
2	parse_tag_line	0	1	crates/nvim/src/tag/jump.rs
2	path_has_exp_wildcard	0	1	crates/nvim/src/path/glob.rs
2	path_has_wildcard	0	1	crates/nvim/src/path/glob.rs
2	path_is_after	0	1	crates/nvim/src/runtime/cache.rs
2	path_with_extension	0	0	
2	pb_line_total	1	1	crates/nvim/src/memline/edit.rs
2	placed_ns	0	1	crates/nvim/src/sign/place.rs
2	pop_reuse_blk	0	1	crates/nvim/src/memory/arena.rs
2	print_mainerr	0	1	crates/nvim/src/startup/usage.rs
2	proc_close_streams	0	1	crates/nvim/src/event/proc.rs
2	proc_get_exepath	0	1	crates/nvim/src/event/proc.rs
2	process_user_list	0	1	crates/nvim/src/cmdexpand/userfunc.rs
2	prof_sort_list	0	1	crates/nvim/src/profile/report.rs
2	profiled_funccal	0	1	crates/nvim/src/profile/mod.rs
2	profiled_functions	0	1	crates/nvim/src/profile/mod.rs
2	prompt_get_input	0	1	crates/nvim/src/eval/provider.rs
2	pty_proc_resize	0	1	crates/nvim/src/os/pty_proc_unix/mod.rs
2	pum_display	0	1	crates/nvim/src/popupmenu/mod.rs
2	pum_grid_puts_with_attrs	0	1	crates/nvim/src/popupmenu/draw.rs
2	pum_preview_set_text	0	1	crates/nvim/src/popupmenu/preview.rs
2	pum_show_popupmenu	0	1	crates/nvim/src/popupmenu/menu.rs
2	push_additional_data	0	1	crates/nvim/src/msgpack_rpc/unpacker/keydict.rs
2	push_clear	0	1	crates/nvim/src/api/ui/line.rs
2	push_paste_marker	0	1	crates/nvim/src/vterm/keyboard.rs
2	push_path	0	1	crates/nvim/src/runtime/cache.rs
2	put_fold_open_close	0	1	crates/nvim/src/fold/session.rs
2	put_foldopen_recurse	0	1	crates/nvim/src/fold/session.rs
2	put_folds_recurse	0	1	crates/nvim/src/fold/session.rs
2	put_id_list	0	0	
2	put_optional_field	0	1	crates/nvim/src/undo/file.rs
2	put_set	0	1	crates/nvim/src/option/show.rs
2	put_string_in_typebuf	0	1	crates/nvim/src/getchar/mapmatch.rs
2	put_time	0	2	
2	qf_add_entries	0	1	crates/nvim/src/quickfix/setprops.rs
2	qf_clean_dir_stack	0	1	crates/nvim/src/quickfix/entry.rs
2	qf_fill_buffer	0	1	crates/nvim/src/quickfix/fill.rs
2	qf_free_list_stack_items	0	1	crates/nvim/src/quickfix/stack.rs
2	qf_free_lists	0	1	crates/nvim/src/quickfix/stack.rs
2	qf_getprop_qfbufnr	0	1	crates/nvim/src/quickfix/getprops.rs
2	qf_jump_newwin	0	1	crates/nvim/src/quickfix/jump.rs
2	qf_pop_stack	0	1	crates/nvim/src/quickfix/stack.rs
2	qf_range_text	0	1	crates/nvim/src/quickfix/display.rs
2	qf_resize_stack_base	0	1	crates/nvim/src/quickfix/stack.rs
2	qf_restore_list	0	1	crates/nvim/src/quickfix/stack.rs
2	queue_channel_event	0	1	crates/nvim/src/channel/reader.rs
2	queue_empty	0	1	crates/nvim/src/eval/typval/access.rs
2	queue_init	0	1	crates/nvim/src/eval/typval/access.rs
2	raw_line_to	0	1	crates/nvim/src/ui/sinks.rs
2	read_buffer_into	0	1	crates/nvim/src/buffer/open.rs
2	read_field	0	1	crates/nvim/src/cjson/lua_cjson/encode.rs
2	read_pause	0	0	
2	readdir_core	0	1	crates/nvim/src/fileio/tempfile.rs
2	reader_lines	0	1	crates/nvim/src/channel/reader.rs
2	readfile_linenr	0	1	crates/nvim/src/fileio/mod.rs
2	record_match_start	0	1	crates/nvim/src/regexp/nfa/matcher.rs
2	recov_file_names	0	1	crates/nvim/src/memline/swapname.rs
2	redraw_wildmenu	0	1	crates/nvim/src/cmdexpand/pum.rs
2	refresh_breakpoint	0	1	crates/nvim/src/runtime/script.rs
2	register_closure	0	1	crates/nvim/src/eval/userfunc/lambda.rs
2	rel_to_curdir	0	1	crates/nvim/src/file_search/resolve.rs
2	remove_comma_item	0	1	crates/nvim/src/option/stropt.rs
2	replace	0	4	
2	report	0	1	crates/nvim/src/option/set_cmd.rs
2	report_resume_pending	0	1	crates/nvim/src/ex_eval/exception.rs
2	rescore_one	0	1	crates/nvim/src/spellsuggest/collect.rs
2	rescore_suggestions	0	1	crates/nvim/src/spellsuggest/collect.rs
2	reserve	0	1	crates/nvim/src/msgpack_rpc/unpacker/keydict.rs
2	resize	0	1	crates/nvim/src/vterm/screen/resize.rs
2	resize_buffer	0	1	crates/nvim/src/vterm/screen/resize.rs
2	resolve_option	0	1	crates/nvim/src/api/deprecated/options.rs
2	resolve_redir_lval	0	1	crates/nvim/src/eval/vars/redir.rs
2	restore_redobuff	0	1	crates/nvim/src/getchar/redo.rs
2	row_cells	0	1	crates/nvim/src/vterm/screen/mod.rs
2	rpc_send_call	0	1	crates/nvim/src/msgpack_rpc/channel/mod.rs
2	run	0	4	
2	runtime_search_path_get_cached	0	1	crates/nvim/src/runtime/cache.rs
2	runtime_search_path_unref	0	1	crates/nvim/src/runtime/cache.rs
2	sal_rescore	0	1	crates/nvim/src/spellsuggest/collect.rs
2	same_directory	0	1	crates/nvim/src/path/compare.rs
2	save_function_name	0	1	crates/nvim/src/eval/userfunc/name.rs
2	save_redobuff	0	1	crates/nvim/src/getchar/redo.rs
2	save_tv_as_string	0	1	crates/nvim/src/eval/system.rs
2	scan_buf_valid	0	1	crates/nvim/src/insexpand/getexp.rs
2	schar_cache_clear	1	1	crates/nvim/src/grid/schar.rs
2	schar_cache_clear_if_full	1	1	crates/nvim/src/grid/schar.rs
2	schar_from_buf_first	0	1	crates/nvim/src/mbyte/utf8/mod.rs
2	schar_get_first_two_codepoints	1	1	crates/nvim/src/grid/schar.rs
2	schar_len	1	1	crates/nvim/src/grid/schar.rs
2	schedule_channel_event	0	1	crates/nvim/src/channel/reader.rs
2	seam_calloc	0	1	crates/nvim/src/memory/mod.rs
2	seam_malloc	0	1	crates/nvim/src/memory/mod.rs
2	seam_realloc	0	1	crates/nvim/src/memory/mod.rs
2	search_here	0	1	crates/nvim/src/eval/funcs/search.rs
2	search_tag_pair	0	1	crates/nvim/src/textobject/pair.rs
2	seed	0	1	crates/nvim/src/regexp/nfa/matcher.rs
2	selected_arglist	0	1	crates/nvim/src/arglist/eval.rs
2	serialize_response	0	1	crates/nvim/src/msgpack_rpc/channel/envelope.rs
2	server_address_list	0	1	crates/nvim/src/msgpack_rpc/server.rs
2	server_address_new	0	1	crates/nvim/src/msgpack_rpc/server.rs
2	server_stop	0	1	crates/nvim/src/msgpack_rpc/server.rs
2	ses_arglist	0	0	
2	set_b0_fname	0	1	crates/nvim/src/memline/block0.rs
2	set_cmdarg	0	1	crates/nvim/src/eval/vars/vvar.rs
2	set_context_for_expression	0	1	crates/nvim/src/eval/expr/complete.rs
2	set_context_in_autocmd	0	1	crates/nvim/src/autocmd/listing.rs
2	set_context_in_runtime_cmd	0	1	crates/nvim/src/runtime/search.rs
2	set_context_in_sign_cmd	0	1	crates/nvim/src/sign/complete.rs
2	set_context_with_pattern	0	1	crates/nvim/src/cmdexpand/context.rs
2	set_decor	1	1	crates/nvim/src/api/deprecated/bufhl.rs
2	set_entry_bottom	0	1	crates/nvim/src/undo/mod.rs
2	set_errorlist	0	1	crates/nvim/src/quickfix/setprops.rs
2	set_exception_vars	0	1	crates/nvim/src/ex_eval/exception.rs
2	set_expr_line	0	1	crates/nvim/src/register/special.rs
2	set_get	0	1	crates/nvim/src/map/mod.rs
2	set_newval	0	0	
2	set_oldval	0	0	
2	set_option_from_tv	0	1	crates/nvim/src/eval/vars/scoped.rs
2	set_option_value_for	0	1	crates/nvim/src/option/context.rs
2	set_prompt_callback	0	1	crates/nvim/src/eval/buffer/prompt.rs
2	set_qf_ll_list	1	1	crates/nvim/src/quickfix/eval.rs
2	set_ref_in_cpt_callbacks	0	1	crates/nvim/src/insexpand/callbacks.rs
2	set_rw_fname	0	1	crates/nvim/src/fileio/mod.rs
2	set_selfdict	0	1	crates/nvim/src/eval/expr/index.rs
2	set_shortmess	0	1	crates/nvim/src/startup/buffers.rs
2	set_swapcommand	0	1	crates/nvim/src/ex_cmds/ecmd/mod.rs
2	set_var_const	0	1	crates/nvim/src/eval/vars/store.rs
2	setlocale	0	0	
2	shada_check_buffer	0	1	crates/nvim/src/shada/pack.rs
2	shada_filename	0	1	crates/nvim/src/shada/file.rs
2	shada_initialize_registers	0	1	crates/nvim/src/shada/collect.rs
2	shada_read	0	1	crates/nvim/src/shada/read.rs
2	shada_read_file	0	1	crates/nvim/src/shada/file.rs
2	shada_read_next_item	0	1	crates/nvim/src/shada/unpack.rs
2	shell_build_argv	0	1	crates/nvim/src/os/shell/mod.rs
2	shorten_buf_fname	0	1	crates/nvim/src/fileio/names.rs
2	shorten_dir_len	0	1	crates/nvim/src/path/unique.rs
2	show_debug_line	0	1	crates/nvim/src/debugger/mode.rs
2	show_pat_in_path	0	1	crates/nvim/src/search/incline.rs
2	siblings	0	1	crates/nvim/src/spellfile/wordtree.rs
2	sign_cmd_idx	0	1	crates/nvim/src/sign/command.rs
2	sign_define_by_name	0	1	crates/nvim/src/sign/store.rs
2	sign_get_placed_in_buf	0	1	crates/nvim/src/sign/vimscript.rs
2	sign_jump	0	1	crates/nvim/src/sign/place.rs
2	sign_place	0	1	crates/nvim/src/sign/place.rs
2	sign_undefine_by_name	0	1	crates/nvim/src/sign/store.rs
2	sign_unplace_inner	0	1	crates/nvim/src/sign/place.rs
2	skip_all	0	1	crates/nvim/src/autocmd/events.rs
2	skip_anyof	0	1	crates/nvim/src/regexp/parse.rs
2	skip_cmd_arg	0	1	crates/nvim/src/ex_docmd/scan.rs
2	skip_tab	0	1	crates/nvim/src/tag/jump.rs
2	skip_to_end_or_colon	0	1	crates/nvim/src/ops/join.rs
2	skip_var_one	0	1	crates/nvim/src/eval/vars/assign.rs
2	skip_white	0	1	crates/nvim/src/change/open_line/smart.rs
2	skip_white_measuring	0	1	crates/nvim/src/indent/expr.rs
2	slang_clear_sug	0	1	crates/nvim/src/spell/slang.rs
2	socket_connect	0	1	crates/nvim/src/event/socket/mod.rs
2	sort_nodes	0	1	crates/nvim/src/insexpand/matchlist.rs
2	source_finished	0	1	crates/nvim/src/runtime/script.rs
2	special_to_buf	0	1	crates/nvim/src/keycodes/mod.rs
2	spell_add_word	0	1	crates/nvim/src/spellfile/add.rs
2	spell_cat_line	0	1	crates/nvim/src/spell/navigate.rs
2	spell_dump_compl	0	1	crates/nvim/src/spell/dump.rs
2	spell_edit_score	0	1	crates/nvim/src/spellsuggest/score.rs
2	spell_find_cleanup	1	1	crates/nvim/src/spellsuggest/mod.rs
2	spell_find_suggest	0	1	crates/nvim/src/spellsuggest/mod.rs
2	spell_mb_isword_class	0	0	
2	spell_soundfold_wsal	0	1	crates/nvim/src/spell/soundfold.rs
2	spell_suggest_list	0	1	crates/nvim/src/spellsuggest/mod.rs
2	star_argument	0	1	crates/nvim/src/strings/printf/emit.rs
2	start_arrow_common	0	1	crates/nvim/src/edit/undo.rs
2	stdpaths_user_conf_subpath	0	1	crates/nvim/src/os/stdpaths.rs
2	step_backup_name	0	1	crates/nvim/src/bufwrite/backup.rs
2	stl_clear_click_defs	0	1	crates/nvim/src/statusline/mod.rs
2	stop_insert	0	1	crates/nvim/src/edit/undo.rs
2	store_loop_line	0	1	crates/nvim/src/ex_docmd/source.rs
2	store_of	1	1	crates/nvim/src/undo/store.rs
2	str_foldcase	0	1	crates/nvim/src/charset/display.rs
2	str_to_mapargs	0	1	crates/nvim/src/mapping/args.rs
2	str_to_reg	0	1	crates/nvim/src/register/contents.rs
2	strcoll	0	0	
2	stream_init	0	1	crates/nvim/src/event/stream.rs
2	strftime	0	0	
2	string_to_key	0	1	crates/nvim/src/option/set_cmd.rs
2	strncpy	0	0	
2	stuffescaped	0	1	crates/nvim/src/getchar/buffers.rs
2	sub_get_replacement	0	1	crates/nvim/src/ex_cmds/subst/parse.rs
2	sub_set_replacement	1	1	crates/nvim/src/ex_cmds/subst/parse.rs
2	sug_filltable	0	1	crates/nvim/src/spellfile/sugfile.rs
2	suggest_trie_walk	0	1	crates/nvim/src/spellsuggest/walk/mod.rs
2	suggest_try_soundalike	0	1	crates/nvim/src/spellsuggest/soundalike.rs
2	swapchar	0	1	crates/nvim/src/ops/case.rs
2	swapfile_info	0	1	crates/nvim/src/memline/block0.rs
2	syn_clear_keyword	0	1	crates/nvim/src/syntax/keyword.rs
2	syn_list_keywords	0	1	crates/nvim/src/syntax/list.rs
2	syn_name2attr	0	1	crates/nvim/src/highlight_group/table.rs
2	syn_regexec	0	1	crates/nvim/src/syntax/endpos.rs
2	syn_set_timeout	0	1	crates/nvim/src/syntax/mod.rs
2	syn_stack_apply_changes_block	0	0	
2	syn_stack_equal	0	1	crates/nvim/src/syntax/stack.rs
2	tabstop_at	0	1	crates/nvim/src/indent/mod.rs
2	tabstop_first	0	1	crates/nvim/src/indent/mod.rs
2	tabstop_fromto	0	1	crates/nvim/src/indent/mod.rs
2	tail	0	2	
2	tcdrain	0	0	
2	terminal_destroy	0	1	crates/nvim/src/terminal/mod.rs
2	terminal_open	0	1	crates/nvim/src/terminal/mod.rs
2	terminal_receive	0	1	crates/nvim/src/terminal/mod.rs
2	terminal_set_state	0	1	crates/nvim/src/terminal/mod.rs
2	terminal_set_streamed_paste	0	1	crates/nvim/src/terminal/input.rs
2	test_for_static	1	1	crates/nvim/src/tag/jump.rs
2	tilde_replace	0	1	crates/nvim/src/ex_getln/buffer.rs
2	time_to_bytes	0	1	crates/nvim/src/memory/mod.rs
2	timer_decref	0	1	crates/nvim/src/eval/timer.rs
2	toupper	0	0	
2	transcode	0	1	crates/nvim/src/lua/base64.rs
2	translate_contents	0	1	crates/nvim/src/api/ui/redraw.rs
2	translated_function_exists	0	1	crates/nvim/src/eval/userfunc/listing.rs
2	transmute	0	0	
2	transstr_len	0	1	crates/nvim/src/charset/display.rs
2	tv_dict_free_dict	0	1	crates/nvim/src/eval/typval/dict.rs
2	tv_get_float	0	0	
2	tv_islocked	0	0	
2	tv_list_alloc	0	0	
2	tv_to_argv	0	1	crates/nvim/src/eval/system.rs
2	tv_to_optval	0	1	crates/nvim/src/eval/vars/scoped.rs
2	typed_items	1	1	crates/nvim/src/garray.rs
2	typval_parser_error_free	0	1	crates/nvim/src/eval/decode/msgpack.rs
2	typval_tostring	0	1	crates/nvim/src/eval/entry.rs
2	u_freeentries	0	1	crates/nvim/src/undo/tree.rs
2	u_get_undo_file_name	0	1	crates/nvim/src/undo/file.rs
2	u_save_line_buf	0	1	crates/nvim/src/undo/tree.rs
2	u_unch_branch	1	1	crates/nvim/src/undo/tree.rs
2	uc_add_command	0	1	crates/nvim/src/usercmd/mod.rs
2	uc_del_command	1	1	crates/nvim/src/usercmd/mod.rs
2	uc_validate_name	0	1	crates/nvim/src/usercmd/mod.rs
2	ui_alloc_buf	0	1	crates/nvim/src/api/ui/packer.rs
2	ui_composed_call_raw_line	0	1	crates/nvim/src/ui/sinks.rs
2	ui_set_ext_option	0	1	crates/nvim/src/ui/mod.rs
2	ui_set_option	0	1	crates/nvim/src/api/ui/mod.rs
2	umask	0	0	
2	undo_read_string	0	1	crates/nvim/src/undo/file.rs
2	unlink_parked_funccals	0	1	crates/nvim/src/eval/userfunc/funccall.rs
2	unpack	0	1	crates/nvim/src/msgpack_rpc/unpacker/mod.rs
2	unpack_array	0	1	crates/nvim/src/msgpack_rpc/unpacker/keydict.rs
2	unpack_integer	0	1	crates/nvim/src/msgpack_rpc/unpacker/keydict.rs
2	unpack_skip	0	1	crates/nvim/src/msgpack_rpc/unpacker/keydict.rs
2	unpack_typval	0	1	crates/nvim/src/eval/decode/msgpack.rs
2	unref_var_dict	0	1	crates/nvim/src/eval/vars/lifecycle.rs
2	update_yankreg_width	0	1	crates/nvim/src/register/store.rs
2	use_midword	0	1	crates/nvim/src/spell/lang.rs
2	utf_cp_bounds	0	1	crates/nvim/src/mbyte/walk.rs
2	utf_safe_read_char_adv	0	1	crates/nvim/src/mbyte/utf8/mod.rs
2	uv_freeaddrinfo	0	0	
2	uv_fs_lstat	0	0	
2	uv_fs_req_cleanup	0	0	
2	uv_listen	0	0	
2	uv_pipe_bind	0	0	
2	uv_signal_stop	0	0	
2	uv_sleep	0	0	
2	valid_spell_word	0	1	crates/nvim/src/spellfile/wordtree.rs
2	var_check_lock	0	1	crates/nvim/src/eval/vars/store.rs
2	var_flavour	0	1	crates/nvim/src/eval/echo.rs
2	var_redir_str	0	1	crates/nvim/src/eval/vars/redir.rs
2	var_shada_iter	0	1	crates/nvim/src/shada/collect.rs
2	vars_clear_ext	0	1	crates/nvim/src/eval/vars/lifecycle.rs
2	verbose_source_msg	0	1	crates/nvim/src/runtime/source.rs
2	vim_backtick	0	1	crates/nvim/src/path/expand.rs
2	vim_chdirfile	0	1	crates/nvim/src/file_search/chdir.rs
2	vim_copyfile	0	1	crates/nvim/src/fileio/names.rs
2	vim_dialog_yesno	0	1	crates/nvim/src/message/dialog.rs
2	vim_findfile	0	1	crates/nvim/src/file_search/mod.rs
2	vim_findfile_stopdir	0	1	crates/nvim/src/file_search/init.rs
2	vim_regsub_both	0	1	crates/nvim/src/regexp/substitute.rs
2	vim_regsub_multi	0	1	crates/nvim/src/regexp/substitute.rs
2	vim_setenv_ext	0	1	crates/nvim/src/os/env/mod.rs
2	vim_snprintf_add	0	1	crates/nvim/src/strings/printf/mod.rs
2	vim_strsave_escaped_ext	0	1	crates/nvim/src/strings/escape.rs
2	vim_unescape_ks	0	1	crates/nvim/src/keycodes/mod.rs
2	vim_vsnprintf	0	1	crates/nvim/src/strings/printf/mod.rs
2	viml_parser_highlight	0	1	crates/nvim/src/viml/parser/parser.rs
2	viml_parser_init	0	1	crates/nvim/src/viml/parser/parser.rs
2	viml_pexpr_free_ast	1	1	crates/nvim/src/viml/parser/expressions/ast.rs
2	viml_pexpr_parse	0	1	crates/nvim/src/viml/parser/expressions/parse.rs
2	vsnprintf	0	0	
2	vterm_keyboard_end_paste	0	1	crates/nvim/src/vterm/keyboard.rs
2	vterm_keyboard_start_paste	0	1	crates/nvim/src/vterm/keyboard.rs
2	vterm_obtain_state	0	1	crates/nvim/src/vterm/state/entry.rs
2	vterm_screen_get_cell	0	1	crates/nvim/src/vterm/screen/mod.rs
2	vterm_state_set_termprop	0	1	crates/nvim/src/vterm/state/entry.rs
2	was_banned	0	1	crates/nvim/src/spellsuggest/walk/node.rs
2	wc_use_keyname	1	1	crates/nvim/src/option/show.rs
2	widened_by_vs16	0	1	crates/nvim/src/mbyte/cells.rs
2	win_execute_after	0	1	crates/nvim/src/eval/window/switch.rs
2	win_execute_before	0	1	crates/nvim/src/eval/window/switch.rs
2	win_get_tabwin	0	1	crates/nvim/src/window/snapshot.rs
2	win_linetabsize_col	0	1	crates/nvim/src/plines/mod.rs
2	win_text_height	0	1	crates/nvim/src/plines/lines.rs
2	wrapped_indent_width	0	1	crates/nvim/src/plines/mod.rs
2	write_data	0	1	crates/nvim/src/eval/fs/write.rs
2	write_eintr	0	1	crates/nvim/src/fileio/mod.rs
2	write_func_name	0	1	crates/nvim/src/profile/report.rs
2	write_reg_contents_lst	0	1	crates/nvim/src/register/contents.rs
2	wstream_init	0	1	crates/nvim/src/event/wstream.rs
2	yank_copy_line	0	1	crates/nvim/src/register/yank.rs
2	yank_register_mline	0	1	crates/nvim/src/register/store.rs
1	.add_list_indent	0	1	crates/nvim/src/indent/breakindent.rs
1	.add_str	0	5	
1	.add_str_len	0	1	crates/nvim/src/eval/typval/dict.rs
1	.already_searched	0	1	crates/nvim/src/search/includes.rs
1	.answers	0	1	crates/nvim/src/indent/breakindent.rs
1	.append_string_contents	0	1	crates/nvim/src/cjson/lua_cjson/encode.rs
1	.append_table	0	1	crates/nvim/src/cjson/lua_cjson/encode.rs
1	.apply	1	1	crates/nvim/src/api/buffer/text.rs
1	.array_length	0	1	crates/nvim/src/cjson/lua_cjson/encode.rs
1	.as_bytes	1	1	crates/nvim/src/option/value.rs
1	.as_slice	1	1	crates/nvim/src/runtime/cache.rs
1	.assume_init_ref	0	0	
1	.breakindent	0	1	crates/nvim/src/plines/mod.rs
1	.build_preword	0	1	crates/nvim/src/spellsuggest/walk/node.rs
1	.can_strip	1	1	crates/nvim/src/path/mod.rs
1	.consider	0	1	crates/nvim/src/undo/apply/entry.rs
1	.contents	0	2	crates/nvim/src/getchar/buffers.rs
1	.conv_blob	0	7	
1	.conv_empty_list	0	0	
1	.conv_ext_string	0	7	
1	.conv_list_between_items	0	0	
1	.conv_list_end	0	0	
1	.conv_real_list_after_start	0	0	
1	.conv_recurse	0	7	
1	.conv_unsigned_number	0	0	
1	.convert_with_iconv	0	1	crates/nvim/src/bufwrite/convert.rs
1	.delete	0	2	
1	.draw_col_fill	0	0	
1	.draw_statuscol	0	1	crates/nvim/src/drawline/columns.rs
1	.entry	0	2	
1	.exec	0	1	crates/nvim/src/quickfix/efm.rs
1	.file_marks_for	0	2	
1	.free	1	3	
1	.guess	0	1	crates/nvim/src/fileio/convert.rs
1	.handle_inline_virtual_text	0	0	
1	.help_match	1	1	crates/nvim/src/tag/collect.rs
1	.holds	1	1	crates/nvim/src/option/scope.rs
1	.insert	0	2	
1	.join_compound	0	1	crates/nvim/src/spellsuggest/walk/node.rs
1	.jump	0	1	crates/nvim/src/tag/command.rs
1	.key	0	4	
1	.last_match_before	0	1	crates/nvim/src/search/find.rs
1	.last_word_of_preword	0	1	crates/nvim/src/spellsuggest/walk/node.rs
1	.listchars	0	1	crates/nvim/src/drawline/chars.rs
1	.moved_to	0	1	crates/nvim/src/msgpack_rpc/packer/mod.rs
1	.next_arg::<*const c_char>	0	0	
1	.next_arg::<*mut ::core::ffi::c_void>	0	0	
1	.next_arg::<::core::ffi::c_double>	0	0	
1	.next_arg::<::core::ffi::c_int>	0	0	
1	.next_arg::<::core::ffi::c_long>	0	0	
1	.next_arg::<c_double>	0	0	
1	.next_float	1	1	crates/nvim/src/strings/printf/emit.rs
1	.next_pointer	0	1	crates/nvim/src/strings/printf/emit.rs
1	.next_string	0	1	crates/nvim/src/strings/printf/emit.rs
1	.offset_from_unsigned	0	0	
1	.other_name	0	1	crates/nvim/src/tag/command.rs
1	.parse_array	0	1	crates/nvim/src/cjson/lua_cjson/decode.rs
1	.parse_object	0	1	crates/nvim/src/cjson/lua_cjson/decode.rs
1	.push_allocated_string	0	1	crates/nvim/src/eval/typval/listops.rs
1	.push_items	0	1	crates/nvim/src/tag/stack.rs
1	.push_value	0	1	crates/nvim/src/cjson/lua_cjson/decode.rs
1	.put_column	1	1	crates/nvim/src/popupmenu/draw.rs
1	.read_file	0	1	crates/nvim/src/quickfix/read.rs
1	.read_into	0	1	crates/nvim/src/eval/fs/read.rs
1	.record	0	1	crates/nvim/src/search/find.rs
1	.refill	0	1	crates/nvim/src/indent/breakindent.rs
1	.remember	1	1	crates/nvim/src/search/stat.rs
1	.restore	0	1	crates/nvim/src/fileio/convert.rs
1	.search	0	1	crates/nvim/src/tag/command.rs
1	.search_for	0	1	crates/nvim/src/tag/jump.rs
1	.set_arg_ptr	0	0	
1	.set_cstr	0	1	crates/nvim/src/ex_getln/buffer.rs
1	.set_cterm_color	0	1	crates/nvim/src/highlight_group/command.rs
1	.set_owned	0	1	crates/nvim/src/insexpand/mod.rs
1	.shorten	1	1	crates/nvim/src/file_search/mod.rs
1	.skip_to_start_pos	0	1	crates/nvim/src/search/find.rs
1	.skip_to_start_vcol	0	1	crates/nvim/src/drawline/prologue.rs
1	.slow_path	0	1	crates/nvim/src/drawline/chars.rs
1	.special_dict_key_check	0	0	
1	.spell_at	0	1	crates/nvim/src/drawline/chars.rs
1	.spell_line_start	0	1	crates/nvim/src/drawline/prologue.rs
1	.stage_bom	0	1	crates/nvim/src/bufwrite/convert.rs
1	.store	0	1	crates/nvim/src/highlight_group/command.rs
1	.strip_parent	1	1	crates/nvim/src/path/mod.rs
1	.take_conversion	1	1	crates/nvim/src/quickfix/parse.rs
1	.take_file	1	1	crates/nvim/src/quickfix/parse.rs
1	.take_match	0	1	crates/nvim/src/quickfix/parse.rs
1	.take_message	1	1	crates/nvim/src/quickfix/parse.rs
1	.track_multispace	0	1	crates/nvim/src/drawline/prologue.rs
1	.try_format	0	1	crates/nvim/src/quickfix/parse.rs
1	.write_lines	1	1	crates/nvim/src/api/buffer/text.rs
1	Args::new	0	1	crates/nvim/src/strings/printf/emit.rs
1	BlobRef::from_owned	1	1	crates/nvim/src/eval/typval/blob.rs
1	BlobRef::owning	0	1	crates/nvim/src/eval/typval/blob.rs
1	Body::read	0	1	crates/nvim/src/shada/unpack.rs
1	Box::new	0	68	
1	Builder::of	0	4	
1	CStr::from_bytes_with_nul_unchecked	0	0	
1	ClickDefs::tabline	1	1	crates/nvim/src/mouse/mod.rs
1	Cm::new	0	68	
1	CmdModScope::enter	0	1	crates/nvim/src/option/context.rs
1	CompItem::of_key	0	1	crates/nvim/src/spellfile/mod.rs
1	Cs::new	0	68	
1	DictRef::from_owned	1	1	crates/nvim/src/eval/typval/dict.rs
1	DoTag::new	0	1	crates/nvim/src/tag/command.rs
1	EchoOpts::new	0	68	
1	Efm::compile	0	1	crates/nvim/src/quickfix/efm.rs
1	Exc::new	0	68	
1	ExprParser::new	0	1	crates/nvim/src/viml/parser/expressions/parse.rs
1	FLine::new	0	1	crates/nvim/src/fold/list.rs
1	FileList::expand	0	1	crates/nvim/src/file_search/visited.rs
1	FileList::of_one	0	1	crates/nvim/src/file_search/visited.rs
1	Files::expand	0	1	crates/nvim/src/quickfix/vimgrep.rs
1	FindTags::new	0	1	crates/nvim/src/tag/scan.rs
1	Fmt::borrowed	0	1	crates/nvim/src/statusline/mod.rs
1	Fname::new	0	1	crates/nvim/src/eval/fs/name.rs
1	Ga::new	0	68	
1	Is::new	0	68	
1	KeywordOpts::of	0	1	crates/nvim/src/syntax/list.rs
1	Lc::new	0	68	
1	Line::new	0	2	
1	ListRef::from_owned	1	1	crates/nvim/src/eval/typval/list.rs
1	ManuallyDrop::drop	0	0	
1	MapStr::new	0	68	
1	MatchInf::new	0	1	crates/nvim/src/spell/mod.rs
1	ModeState::command_line	0	1	crates/nvim/src/state.rs
1	ModeState::insert	0	1	crates/nvim/src/state.rs
1	ModeState::normal	0	1	crates/nvim/src/state.rs
1	ModeState::terminal	0	1	crates/nvim/src/state.rs
1	Mods::new	0	1	crates/nvim/src/eval/fs/name.rs
1	Opts::new	0	68	
1	Reader::open	0	1	crates/nvim/src/quickfix/read.rs
1	Redraw::new	0	68	
1	ScanWithDots::open	0	1	crates/nvim/src/path/glob.rs
1	Self	0	0	
1	Self::cbuf_to_obj	0	1	crates/nvim/src/api/private/converter.rs
1	SessionFile::new	0	1	crates/nvim/src/ex_session/mod.rs
1	Sink::new	0	1	crates/nvim/src/strings/printf/emit.rs
1	String_0::from_bytes	0	0	
1	TabPage::from_raw	0	1	crates/nvim/src/winlayer.rs
1	Tagg::new	0	68	
1	UserCmdOpts::new	0	68	
1	Virt::from_raw	0	1	crates/nvim/src/decoration/handles.rs
1	Virt::new	0	1	crates/nvim/src/decoration/handles.rs
1	Vvr::new	0	68	
1	add_extra_fields	0	1	crates/nvim/src/tag/query.rs
1	add_inline_virt_text	0	1	crates/nvim/src/plines/mod.rs
1	add_keyword	0	1	crates/nvim/src/syntax/keyword.rs
1	add_keyword_variants	0	1	crates/nvim/src/syntax/keyword.rs
1	add_language	0	1	crates/nvim/src/lua/treesitter/lang.rs
1	add_llist_tags	0	1	crates/nvim/src/tag/list.rs
1	add_pack_dir_to_rtp	0	1	crates/nvim/src/runtime/pack.rs
1	add_rep_entry	0	1	crates/nvim/src/spellfile/tables.rs
1	add_sound_suggest	0	1	crates/nvim/src/spellsuggest/soundalike.rs
1	additional_char_slot	0	1	crates/nvim/src/normal/dispatch.rs
1	addstate	0	0	
1	advance_camelcase_word	0	1	crates/nvim/src/spell/check.rs
1	aff_process_flags	0	1	crates/nvim/src/spellfile/flags.rs
1	affitem2flag	0	1	crates/nvim/src/spellfile/flags.rs
1	affix_applies	0	1	crates/nvim/src/spellfile/dic.rs
1	aim_at_capture_arrays	0	1	crates/nvim/src/regexp/bt/exec.rs
1	alist_add_list	0	1	crates/nvim/src/arglist/mod.rs
1	alist_init	0	1	crates/nvim/src/arglist/mod.rs
1	alist_set	0	1	crates/nvim/src/arglist/mod.rs
1	alloc_typebuf	0	0	
1	announce_search	0	1	crates/nvim/src/runtime/search.rs
1	append_curswant	0	1	crates/nvim/src/eval/funcs/position.rs
1	append_escaped	0	1	crates/nvim/src/normal/ident.rs
1	append_item	0	1	crates/nvim/src/option/stropt.rs
1	append_msg	0	1	crates/nvim/src/ex_eval/exception.rs
1	append_new_line	0	1	crates/nvim/src/change/open_line/mod.rs
1	append_redir	0	0	
1	append_to_redobuff_keys	0	1	crates/nvim/src/getchar/redo.rs
1	append_to_register	0	1	crates/nvim/src/register/yank.rs
1	apply_autocmds_retval	0	1	crates/nvim/src/autocmd/fire.rs
1	apply_entry	0	1	crates/nvim/src/undo/apply/entry.rs
1	apply_linematch_results	0	1	crates/nvim/src/diff/lmatch.rs
1	apply_mapping	0	1	crates/nvim/src/getchar/mapmatch.rs
1	apply_new_indent	0	1	crates/nvim/src/change/open_line/mod.rs
1	apply_opts	0	1	crates/nvim/src/lua/xdiff.rs
1	apply_patchmode	0	1	crates/nvim/src/bufwrite/backup.rs
1	apply_suggestion	0	1	crates/nvim/src/spellsuggest/prompt.rs
1	arena_finish	0	1	crates/nvim/src/memory/arena.rs
1	arglist_del_files	0	1	crates/nvim/src/arglist/mod.rs
1	argv_array	0	1	crates/nvim/src/channel/info.rs
1	argv_func	0	0	
1	ascii_isdigit	0	0	
1	ascii_isspace	0	0	
1	ascii_iswhite	0	0	
1	ask_about_swapfile	0	1	crates/nvim/src/memline/swapname.rs
1	ask_which_suggestion	1	1	crates/nvim/src/spellsuggest/prompt.rs
1	assert_fails_args_ok	1	1	crates/nvim/src/testing/fails.rs
1	attach_terminal	0	1	crates/nvim/src/eval/funcs/job.rs
1	attention_message	0	1	crates/nvim/src/memline/swapname.rs
1	au_callback	0	1	crates/nvim/src/autocmd/walk.rs
1	au_show_for_all_events	0	1	crates/nvim/src/autocmd/listing.rs
1	aucmd_defer	0	1	crates/nvim/src/autocmd/trigger.rs
1	augroup_name	0	0	
1	aupat_get_buflocal_nr	0	1	crates/nvim/src/autocmd/cleanup.rs
1	autocmd_dict	1	1	crates/nvim/src/api/autocmd/query.rs
1	autocmd_supported	0	1	crates/nvim/src/autocmd/events.rs
1	backup_by_copy	0	1	crates/nvim/src/bufwrite/backup.rs
1	backup_by_rename	0	1	crates/nvim/src/bufwrite/backup.rs
1	badword_captype	0	1	crates/nvim/src/spellsuggest/mod.rs
1	before_close	0	0	
1	behind_start	0	1	crates/nvim/src/regexp/bt/resume.rs
1	behind_step	0	1	crates/nvim/src/regexp/bt/resume.rs
1	bell	0	1	crates/nvim/src/vterm/screen/callbacks.rs
1	bind_textdomain_codeset	0	0	
1	blob_free	0	1	crates/nvim/src/eval/typval/blob.rs
1	blob_remove	0	1	crates/nvim/src/eval/typval/blob.rs
1	block_insert	0	1	crates/nvim/src/ops/block.rs
1	boolean_field	0	1	crates/nvim/src/cjson/lua_cjson/decode.rs
1	border_array	1	1	crates/nvim/src/api/win_config/get.rs
1	border_cell_list	0	1	crates/nvim/src/api/win_config/border.rs
1	brace_complex	0	1	crates/nvim/src/regexp/bt/matcher.rs
1	breaks_here	0	1	crates/nvim/src/plines/mod.rs
1	breaks_link	0	1	crates/nvim/src/bufwrite/backup.rs
1	broadcast_event	0	1	crates/nvim/src/msgpack_rpc/channel/mod.rs
1	buf_delete_signs	0	1	crates/nvim/src/sign/place.rs
1	buf_findsign	0	1	crates/nvim/src/sign/place.rs
1	buf_init_chartab	0	0	
1	buf_is_empty	0	0	
1	buf_open_scratch	0	1	crates/nvim/src/buffer/open.rs
1	buf_put_decor_sh	0	1	crates/nvim/src/decoration/signs.rs
1	buf_remove_decor_sh	0	1	crates/nvim/src/decoration/signs.rs
1	buf_set_sign	0	1	crates/nvim/src/sign/place.rs
1	buf_write_do_post_autocmds	0	1	crates/nvim/src/bufwrite/autocmds.rs
1	buf_write_make_backup	0	1	crates/nvim/src/bufwrite/backup.rs
1	buffer_as_string	0	1	crates/nvim/src/eval/system.rs
1	buffer_for	0	1	crates/nvim/src/quickfix/entry.rs
1	buffer_get_line_slice	1	1	crates/nvim/src/api/deprecated/lines.rs
1	buffer_insert	0	1	crates/nvim/src/api/deprecated/lines.rs
1	buffer_set_line_slice	0	1	crates/nvim/src/api/deprecated/lines.rs
1	buflist_findname	0	1	crates/nvim/src/buffer/list.rs
1	build_affixed_word	0	1	crates/nvim/src/spellfile/dic.rs
1	build_cmdline_str	0	1	crates/nvim/src/api/command/cmdline.rs
1	build_keywordprg_cmd	0	1	crates/nvim/src/normal/ident.rs
1	build_leader	0	1	crates/nvim/src/change/open_line/comment.rs
1	call	0	0	
1	call_in_dict	0	1	crates/nvim/src/api/vimscript/eval.rs
1	call_internal_func	0	1	crates/nvim/src/eval/funcs/wrappers.rs
1	call_internal_method	0	1	crates/nvim/src/eval/funcs/wrappers.rs
1	call_qftf_func	0	1	crates/nvim/src/quickfix/fill.rs
1	call_replacement	0	1	crates/nvim/src/regexp/substitute.rs
1	call_simple_func	0	1	crates/nvim/src/eval/userfunc/call.rs
1	call_simple_luafunc	0	1	crates/nvim/src/eval/userfunc/call.rs
1	call_user_func	0	1	crates/nvim/src/eval/userfunc/call.rs
1	callback_call_retnr	0	1	crates/nvim/src/eval/userfunc/dispatch.rs
1	callback_to_string	0	1	crates/nvim/src/eval/typval/watcher.rs
1	calloc	0	0	
1	can_leave_curbuf	1	1	crates/nvim/src/arglist/command.rs
1	cat_func_name	0	1	crates/nvim/src/eval/userfunc/name.rs
1	catch_exception	0	1	crates/nvim/src/ex_eval/exception.rs
1	cause_errthrow	0	1	crates/nvim/src/ex_eval/exception.rs
1	cb	0	0	
1	cexpr_core	0	0	
1	channel_destroy	0	1	crates/nvim/src/channel/mod.rs
1	channel_from_connection	0	1	crates/nvim/src/channel/open.rs
1	channel_internal	0	1	crates/nvim/src/channel/mod.rs
1	channel_outstream	0	1	crates/nvim/src/channel/mod.rs
1	channel_terminal_alloc	0	1	crates/nvim/src/channel/term.rs
1	char_from_string	0	1	crates/nvim/src/eval/expr/index.rs
1	charsize_fast	0	1	crates/nvim/src/plines/mod.rs
1	charsize_nowrap	0	1	crates/nvim/src/plines/mod.rs
1	check	0	0	
1	check_ei	0	1	crates/nvim/src/autocmd/events.rs
1	check_error_position	1	1	crates/nvim/src/testing/fails.rs
1	check_external_diff	0	1	crates/nvim/src/diff/engine.rs
1	check_ff_value	0	1	crates/nvim/src/optionstr/flags.rs
1	check_internal_func	0	1	crates/nvim/src/eval/funcs/wrappers.rs
1	check_isopt	0	1	crates/nvim/src/charset/mod.rs
1	check_keyword_id	0	1	crates/nvim/src/syntax/endpos.rs
1	check_mtime	0	1	crates/nvim/src/bufwrite/backup.rs
1	check_reported_error	0	1	crates/nvim/src/testing/fails.rs
1	choose_swapfile	0	1	crates/nvim/src/memline/recover.rs
1	claim_file	0	1	crates/nvim/src/quickfix/parse.rs
1	cleanup_function_call	0	1	crates/nvim/src/eval/userfunc/funccall.rs
1	cleanup_help_tags	0	1	crates/nvim/src/help/mod.rs
1	clear_float	0	0	
1	clear_virtlines	0	1	crates/nvim/src/decoration/mod.rs
1	close_buffer	0	0	
1	close_internal	0	1	crates/nvim/src/channel/mod.rs
1	close_job_parts	0	1	crates/nvim/src/channel/mod.rs
1	close_stderr	0	1	crates/nvim/src/channel/mod.rs
1	close_stdio_parts	0	1	crates/nvim/src/channel/mod.rs
1	closedir	0	0	
1	closest_entry	0	1	crates/nvim/src/quickfix/navigate.rs
1	cmd_exists	0	1	crates/nvim/src/ex_docmd/lookup.rs
1	cmdcomplete_str_to_type	0	1	crates/nvim/src/usercmd/complete.rs
1	cmdline_concat	0	1	crates/nvim/src/api/command/cmdline.rs
1	cmdline_search_stat	0	1	crates/nvim/src/search/stat.rs
1	cmdmod_filters_out	0	1	crates/nvim/src/ex_docmd/modifier.rs
1	collection_matches	0	1	crates/nvim/src/regexp/nfa/step.rs
1	color_expr_cmdline	0	1	crates/nvim/src/ex_getln/color.rs
1	command_line_browse_history	0	1	crates/nvim/src/ex_getln/history.rs
1	command_line_check	0	1	crates/nvim/src/ex_getln/enter.rs
1	command_line_execute	0	1	crates/nvim/src/ex_getln/execute.rs
1	command_line_next_histidx	0	1	crates/nvim/src/ex_getln/history.rs
1	command_line_scan	0	1	crates/nvim/src/startup/args.rs
1	command_line_wildchar_complete	0	1	crates/nvim/src/ex_getln/wildchar.rs
1	command_text_end	0	1	crates/nvim/src/tag/list.rs
1	comment_out_word	0	1	crates/nvim/src/spellfile/add.rs
1	common_job_callbacks	0	1	crates/nvim/src/eval/provider.rs
1	compare	0	1	crates/nvim/src/ex_cmds/sort.rs
1	compare_files	0	1	crates/nvim/src/testing/mod.rs
1	compile_pattern	0	1	crates/nvim/src/quickfix/vimgrep.rs
1	compile_patterns	0	1	crates/nvim/src/search/includes.rs
1	compile_sort_pattern	0	1	crates/nvim/src/ex_cmds/sort.rs
1	compl_get_info	0	1	crates/nvim/src/insexpand/session.rs
1	compound_part_allowed	0	1	crates/nvim/src/spell/lookup.rs
1	concat_continuations	0	1	crates/nvim/src/runtime/script.rs
1	connection_event	0	1	crates/nvim/src/event/socket/mod.rs
1	console_dialog_alloc	0	1	crates/nvim/src/message/dialog.rs
1	consume	0	0	
1	continue_multiline	0	1	crates/nvim/src/quickfix/parse.rs
1	convert	0	182	
1	convert_ast	0	1	crates/nvim/src/api/vimscript/expression.rs
1	convert_color_to_rgb	0	0	
1	convert_setup_ext	0	1	crates/nvim/src/mbyte/convert.rs
1	convert_special_dict	0	1	crates/nvim/src/eval/typval_encode/walk.rs
1	convert_to_json_string	0	1	crates/nvim/src/eval/encode/mod.rs
1	copy_chunk	0	1	crates/nvim/src/msgpack_rpc/unpacker/mod.rs
1	copy_confirm_hotkeys	0	1	crates/nvim/src/message/dialog.rs
1	copy_cpt_callbacks	0	1	crates/nvim/src/insexpand/callbacks.rs
1	copy_global_to_buflocal_cb	0	1	crates/nvim/src/insexpand/callbacks.rs
1	copy_indent	0	1	crates/nvim/src/indent/edit.rs
1	copy_loclist	0	1	crates/nvim/src/quickfix/list.rs
1	copy_loclist_entries	0	1	crates/nvim/src/quickfix/list.rs
1	copy_substring_from_pos	0	1	crates/nvim/src/cmdexpand/bufpat.rs
1	copy_swapping_nl	0	1	crates/nvim/src/eval/system.rs
1	count_lines	0	1	crates/nvim/src/register/contents.rs
1	count_syllables	0	1	crates/nvim/src/spell/slang.rs
1	counted_repeat	0	1	crates/nvim/src/regexp/bt/matcher.rs
1	create_environment	0	1	crates/nvim/src/eval/funcs/job.rs
1	create_funccal	0	1	crates/nvim/src/eval/userfunc/funccall.rs
1	create_special_dict	0	0	
1	create_windows	0	1	crates/nvim/src/startup/buffers.rs
1	ctx_restore_funcs	1	1	crates/nvim/src/context.rs
1	current_quote	0	1	crates/nvim/src/textobject/quote.rs
1	damage	0	0	
1	debug_prompt	0	1	crates/nvim/src/debugger/mode.rs
1	debuggy_find	0	1	crates/nvim/src/debugger/mod.rs
1	decode	0	2	
1	decor_check_to_be_deleted	1	1	crates/nvim/src/decoration/mod.rs
1	decor_conceal_line	0	0	
1	decor_init_draw_col	0	1	crates/nvim/src/decoration/state.rs
1	decor_provider_clear	0	1	crates/nvim/src/decoration_provider.rs
1	decor_provider_error	0	1	crates/nvim/src/decoration_provider.rs
1	decor_range_add_virt	0	1	crates/nvim/src/decoration/state.rs
1	decor_redraw_eol	0	1	crates/nvim/src/decoration/state.rs
1	decor_sh_from_inline	0	0	
1	decor_to_dict_legacy	1	1	crates/nvim/src/decoration/dict.rs
1	defining_script	0	1	crates/nvim/src/runtime/estack.rs
1	del_bytes	0	0	
1	del_chars	0	0	
1	del_trailing_spaces	0	1	crates/nvim/src/strings/mod.rs
1	delete_matching_args	0	1	crates/nvim/src/arglist/mod.rs
1	delete_recursive	0	1	crates/nvim/src/fileio/tempfile.rs
1	delete_tree	0	0	
1	deliver_buffered	0	1	crates/nvim/src/channel/reader.rs
1	deliver_streaming	0	1	crates/nvim/src/channel/reader.rs
1	describe_match	0	1	crates/nvim/src/tag/query.rs
1	destination	0	1	crates/nvim/src/msgpack_rpc/unpacker/mod.rs
1	dict_add_bool	0	1	crates/nvim/src/runtime/script.rs
1	dict_check_writable	0	1	crates/nvim/src/api/private/helpers/vimdict.rs
1	dict_clear	0	1	crates/nvim/src/eval/typval/dict.rs
1	dict_wrong_func_name	0	0	
1	did_set_cb	0	0	
1	did_set_global_chars_option	0	1	crates/nvim/src/optionstr/chars.rs
1	did_set_opt_flags	0	1	crates/nvim/src/optionstr/flags.rs
1	did_set_option	1	1	crates/nvim/src/option/set.rs
1	diff_check_unchanged	0	1	crates/nvim/src/diff/block.rs
1	diff_equal_entry	0	1	crates/nvim/src/diff/compare.rs
1	diff_find_change_inline_diff	0	1	crates/nvim/src/diff/refine.rs
1	diff_linematch	0	1	crates/nvim/src/diff/lmatch.rs
1	diff_try_update	0	1	crates/nvim/src/diff/update.rs
1	digits_at	0	1	crates/nvim/src/cursor_shape.rs
1	dir_has_lua	0	1	crates/nvim/src/runtime/search.rs
1	dir_is_usable	0	1	crates/nvim/src/undo/file.rs
1	dis_register	0	1	crates/nvim/src/register/display.rs
1	dis_special	0	1	crates/nvim/src/register/display.rs
1	discard_finally_pending	0	1	crates/nvim/src/ex_eval/mod.rs
1	display_dollar	1	1	crates/nvim/src/edit/redraw.rs
1	display_fname	0	1	crates/nvim/src/quickfix/vimgrep.rs
1	do_all_autocmd_events	0	1	crates/nvim/src/autocmd/define.rs
1	do_autocmd	0	1	crates/nvim/src/autocmd/define.rs
1	do_autocmd_progress	0	1	crates/nvim/src/message/progress.rs
1	do_bufdel	0	1	crates/nvim/src/buffer/switch.rs
1	do_filter	0	1	crates/nvim/src/ex_cmds/filter.rs
1	do_ft_buf	0	1	crates/nvim/src/api/options.rs
1	do_in_cached_path	0	1	crates/nvim/src/runtime/cache.rs
1	do_one_cmd	0	1	crates/nvim/src/ex_docmd/onecmd.rs
1	do_one_set_option	0	1	crates/nvim/src/option/set_cmd.rs
1	do_os_system	0	1	crates/nvim/src/os/shell/system.rs
1	do_setdebugtracelevel	0	1	crates/nvim/src/debugger/mode.rs
1	do_sort	0	1	crates/nvim/src/eval/typval/sort.rs
1	do_source_buffer_init	0	1	crates/nvim/src/runtime/source.rs
1	do_source_str	0	1	crates/nvim/src/runtime/source.rs
1	do_swapexists	0	1	crates/nvim/src/memline/swapname.rs
1	do_termresponse_autocmd	1	1	crates/nvim/src/autocmd/trigger.rs
1	do_uniq	0	1	crates/nvim/src/eval/typval/sort.rs
1	draw_cmdline	0	0	
1	drop	0	0	
1	drop_in_place	0	0	
1	dump_prefixes	0	1	crates/nvim/src/spell/dump.rs
1	each_dict	0	1	crates/nvim/src/sign/vimscript.rs
1	early_init	0	1	crates/nvim/src/startup/entry.rs
1	echo_search_cmd	0	1	crates/nvim/src/search/command.rs
1	edit_buffers	0	1	crates/nvim/src/startup/buffers.rs
1	emit_conversion	0	1	crates/nvim/src/strings/printf/emit.rs
1	emit_word	0	1	crates/nvim/src/spellsuggest/soundalike.rs
1	empty_pattern	0	1	crates/nvim/src/ex_getln/incsearch.rs
1	empty_pattern_magic	0	1	crates/nvim/src/ex_getln/incsearch.rs
1	entry_after_pos	0	1	crates/nvim/src/quickfix/navigate.rs
1	entry_before_pos	0	1	crates/nvim/src/quickfix/navigate.rs
1	entry_to_event	0	1	crates/nvim/src/message/history.rs
1	entry_to_key	0	1	crates/nvim/src/syntax/keyword.rs
1	eq_upto	0	0	
1	esc_leaves_insert	1	1	crates/nvim/src/getchar/peek.rs
1	escape_k_special	0	1	crates/nvim/src/ex_docmd/exnormal.rs
1	escape_winfixbuf	0	1	crates/nvim/src/quickfix/jump.rs
1	estack_push_ufunc	0	1	crates/nvim/src/runtime/estack.rs
1	eval2	0	1	crates/nvim/src/eval/expr/level.rs
1	eval_all_expr_in_str	0	1	crates/nvim/src/eval/vars/heredoc.rs
1	eval_diff	0	1	crates/nvim/src/eval/vars/external.rs
1	eval_env_var	0	1	crates/nvim/src/eval/expr/literal.rs
1	eval_expr_ext	0	1	crates/nvim/src/eval/entry.rs
1	eval_expr_typval	0	0	
1	eval_fmt_source_name_line	0	1	crates/nvim/src/eval/provider.rs
1	eval_foldexpr	0	1	crates/nvim/src/eval/entry.rs
1	eval_for_line	0	1	crates/nvim/src/eval/forloop.rs
1	eval_index	0	1	crates/nvim/src/eval/expr/index.rs
1	eval_interp_string	0	1	crates/nvim/src/eval/expr/literal.rs
1	eval_lambda	0	1	crates/nvim/src/eval/expr/call.rs
1	eval_list	0	1	crates/nvim/src/eval/expr/container.rs
1	eval_lit_dict	0	1	crates/nvim/src/eval/expr/container.rs
1	eval_method	0	1	crates/nvim/src/eval/expr/call.rs
1	eval_number	0	1	crates/nvim/src/eval/expr/literal.rs
1	eval_patch	0	1	crates/nvim/src/eval/vars/external.rs
1	eval_replacement	0	1	crates/nvim/src/regexp/substitute.rs
1	eval_soundfold	0	1	crates/nvim/src/spell/soundfold.rs
1	eval_spell_expr	0	1	crates/nvim/src/eval/vars/external.rs
1	eval_to_number	0	1	crates/nvim/src/eval/entry.rs
1	eval_to_string_eap	0	1	crates/nvim/src/eval/entry.rs
1	eval_to_string_skip	0	1	crates/nvim/src/eval/entry.rs
1	ex_call_inner	0	1	crates/nvim/src/eval/userfunc/ret.rs
1	ex_let_vars	0	1	crates/nvim/src/eval/vars/assign.rs
1	exception_state_restore	0	1	crates/nvim/src/ex_eval/exception.rs
1	exception_state_save	0	1	crates/nvim/src/ex_eval/exception.rs
1	exe_commands	0	1	crates/nvim/src/startup/config.rs
1	exe_pre_commands	0	1	crates/nvim/src/startup/config.rs
1	exec_normal_cmd	0	1	crates/nvim/src/ex_docmd/exnormal.rs
1	execreg_line_continuation	0	1	crates/nvim/src/register/exec.rs
1	execute_source	0	1	crates/nvim/src/runtime/source.rs
1	expand_argopt	0	1	crates/nvim/src/ex_docmd/argopt.rs
1	expand_args	0	1	crates/nvim/src/usercmd/expand.rs
1	expand_backtick	0	1	crates/nvim/src/path/expand.rs
1	expand_cb	0	0	
1	expand_files_and_dirs	0	1	crates/nvim/src/cmdexpand/generate.rs
1	expand_findfunc	0	1	crates/nvim/src/ex_docmd/path.rs
1	expand_in_path	0	1	crates/nvim/src/path/expand.rs
1	expand_mappings	0	1	crates/nvim/src/mapping/show.rs
1	expand_match	0	1	crates/nvim/src/search/includes.rs
1	expand_one_start	0	1	crates/nvim/src/cmdexpand/expandone.rs
1	expand_other	0	1	crates/nvim/src/cmdexpand/generate.rs
1	expand_packadd_dir	0	1	crates/nvim/src/runtime/expand.rs
1	expand_pass	0	1	crates/nvim/src/usercmd/expand.rs
1	expand_pattern_in_buf	0	1	crates/nvim/src/cmdexpand/bufpat.rs
1	expand_runtime_cmd	0	1	crates/nvim/src/runtime/expand.rs
1	expand_set_str_generic	0	1	crates/nvim/src/optionstr/expand.rs
1	expand_setting_subtract	0	1	crates/nvim/src/option/expand.rs
1	expand_settings	0	1	crates/nvim/src/option/expand.rs
1	expand_sfile	0	1	crates/nvim/src/ex_docmd/filename.rs
1	expand_shellcmd	0	1	crates/nvim/src/cmdexpand/userfunc.rs
1	expand_shellcmd_onedir	0	1	crates/nvim/src/cmdexpand/userfunc.rs
1	expand_spelling	0	1	crates/nvim/src/spell/check.rs
1	expand_string_setting	0	1	crates/nvim/src/option/expand.rs
1	expand_tags	0	1	crates/nvim/src/tag/query.rs
1	expand_user_command_name	0	1	crates/nvim/src/usercmd/complete.rs
1	expand_user_defined	0	1	crates/nvim/src/cmdexpand/userfunc.rs
1	expand_user_list	0	1	crates/nvim/src/cmdexpand/userfunc.rs
1	expand_user_lua	0	1	crates/nvim/src/cmdexpand/userfunc.rs
1	expand_wildcards_eval	0	1	crates/nvim/src/path/expand.rs
1	extend_item	0	1	crates/nvim/src/eval/encode/mod.rs
1	extmark_del	0	1	crates/nvim/src/extmark/del.rs
1	extmark_splice_delete	0	1	crates/nvim/src/extmark/undo.rs
1	extmatch_equal	0	1	crates/nvim/src/syntax/stack.rs
1	extract_hunk	0	1	crates/nvim/src/diff/hunk.rs
1	extract_hunk_internal	0	1	crates/nvim/src/diff/hunk.rs
1	extract_modifiers	0	1	crates/nvim/src/keycodes/mod.rs
1	feof	0	0	
1	ferror	0	0	
1	ff_wc_equal	0	1	crates/nvim/src/file_search/visited.rs
1	fflush	0	0	
1	file_changed_shell	1	1	crates/nvim/src/fileio/timestamp.rs
1	file_open_buffer	0	1	crates/nvim/src/os/fileio.rs
1	file_open_stdin	0	1	crates/nvim/src/os/fileio.rs
1	file_postponed_prefix	0	1	crates/nvim/src/spellfile/affix.rs
1	file_skip	0	1	crates/nvim/src/os/fileio.rs
1	file_space	0	1	crates/nvim/src/shada/file.rs
1	file_try_read_buffered	0	1	crates/nvim/src/os/fileio.rs
1	file_write	0	1	crates/nvim/src/os/fileio.rs
1	files_differ	0	1	crates/nvim/src/memline/block0.rs
1	fill_culopt_flags	0	0	
1	fill_entry	0	1	crates/nvim/src/syntax/stack.rs
1	fill_foldcolumn	0	1	crates/nvim/src/drawline/columns.rs
1	fill_pos_array	0	1	crates/nvim/src/match/mod.rs
1	fillchar_status	0	1	crates/nvim/src/statusline/mod.rs
1	find_along_option	0	1	crates/nvim/src/file_search/resolve.rs
1	find_cmd_after_global_cmd	0	1	crates/nvim/src/cmdexpand/context.rs
1	find_cmd_after_isearch_cmd	0	1	crates/nvim/src/cmdexpand/context.rs
1	find_cmd_after_substitute_cmd	0	1	crates/nvim/src/cmdexpand/context.rs
1	find_directory_in_path	0	1	crates/nvim/src/file_search/resolve.rs
1	find_hi_in_scoped_ht	0	1	crates/nvim/src/eval/userfunc/funccall.rs
1	find_ident_at_pos	0	1	crates/nvim/src/normal/identfind.rs
1	find_insert_points	0	1	crates/nvim/src/runtime/pack.rs
1	find_is_eval_item	0	1	crates/nvim/src/normal/identfind.rs
1	find_key_len	0	1	crates/nvim/src/option/set_cmd.rs
1	find_next_completion_match	0	1	crates/nvim/src/insexpand/insert.rs
1	find_prefix	1	1	crates/nvim/src/spell/lookup.rs
1	find_previous_pathsep	0	1	crates/nvim/src/path/unique.rs
1	find_script_by_name	0	0	
1	find_style	0	1	crates/nvim/src/api/win_config/border.rs
1	find_tagfunc_tags	0	1	crates/nvim/src/tag/tagfunc.rs
1	find_without_path	0	1	crates/nvim/src/file_search/resolve.rs
1	finish_aff	0	1	crates/nvim/src/spellfile/aff.rs
1	finish_assert_fails	0	1	crates/nvim/src/testing/fails.rs
1	finish_exception	0	1	crates/nvim/src/ex_eval/exception.rs
1	finish_marks	0	1	crates/nvim/src/mark/show.rs
1	finish_node	0	1	crates/nvim/src/api/vimscript/expression.rs
1	finish_source	0	1	crates/nvim/src/runtime/source.rs
1	finish_write	0	1	crates/nvim/src/bufwrite/backup.rs
1	finish_yankreg_from_object	0	1	crates/nvim/src/register/contents.rs
1	fire_recording_leave	0	1	crates/nvim/src/register/exec.rs
1	first_entry_in_buf	0	1	crates/nvim/src/quickfix/navigate.rs
1	first_submatch	0	1	crates/nvim/src/search/find.rs
1	flock	0	0	
1	fold	0	0	
1	fold_step	0	0	
1	foldtext_cleanup	0	1	crates/nvim/src/fold/text.rs
1	for_each_window	0	0	
1	for_next_item	0	1	crates/nvim/src/ex_eval/mod.rs
1	forget_matches	1	1	crates/nvim/src/tag/command.rs
1	forkpty	0	0	
1	format_progress_message	0	1	crates/nvim/src/message/progress.rs
1	fputc	0	0	
1	free_funccal_contents	0	1	crates/nvim/src/eval/userfunc/funccall.rs
1	free_new_command	0	1	crates/nvim/src/usercmd/mod.rs
1	free_wordnode	0	1	crates/nvim/src/spellfile/wordtree.rs
1	freopen	0	0	
1	ftell	0	0	
1	func_arity	0	1	crates/nvim/src/eval/funcs/container.rs
1	func_breakpoint	0	1	crates/nvim/src/eval/userfunc/ret.rs
1	func_call	0	1	crates/nvim/src/eval/userfunc/dispatch.rs
1	func_clear	0	1	crates/nvim/src/eval/userfunc/funccall.rs
1	func_dbg_tick	0	1	crates/nvim/src/eval/userfunc/ret.rs
1	func_free	0	1	crates/nvim/src/eval/userfunc/funccall.rs
1	func_has_abort	0	1	crates/nvim/src/eval/userfunc/ret.rs
1	func_has_ended	0	1	crates/nvim/src/eval/userfunc/ret.rs
1	func_is_global	0	1	crates/nvim/src/eval/userfunc/name.rs
1	func_level	0	1	crates/nvim/src/eval/userfunc/ret.rs
1	func_line_exec	0	1	crates/nvim/src/profile/mod.rs
1	func_name	0	1	crates/nvim/src/eval/userfunc/ret.rs
1	func_names	0	1	crates/nvim/src/context.rs
1	function_exists	0	1	crates/nvim/src/eval/userfunc/listing.rs
1	fuzzy_match_in_list	0	1	crates/nvim/src/eval/funcs/regexp.rs
1	get4c	0	1	crates/nvim/src/fileio/mod.rs
1	get8ctime	0	1	crates/nvim/src/fileio/mod.rs
1	get_bad_opt	0	1	crates/nvim/src/ex_docmd/argopt.rs
1	get_buf_local_marks	0	1	crates/nvim/src/mark/builtins.rs
1	get_client_info	0	1	crates/nvim/src/msgpack_rpc/channel/mod.rs
1	get_cmd_output	0	1	crates/nvim/src/os/shell/mod.rs
1	get_cmdline_compl_info	0	1	crates/nvim/src/insexpand/session.rs
1	get_command_name	0	1	crates/nvim/src/ex_docmd/lookup.rs
1	get_complete_info	0	1	crates/nvim/src/insexpand/vimscript.rs
1	get_config_string	0	1	crates/nvim/src/terminal/mod.rs
1	get_current_funccal_dict	0	1	crates/nvim/src/eval/userfunc/funccall.rs
1	get_fileinfo	0	1	crates/nvim/src/bufwrite/backup.rs
1	get_fileinfo_os	0	1	crates/nvim/src/bufwrite/backup.rs
1	get_filename_compl_info	0	1	crates/nvim/src/insexpand/session.rs
1	get_func_arity	0	1	crates/nvim/src/eval/userfunc/args.rs
1	get_function_body	0	1	crates/nvim/src/eval/userfunc/body.rs
1	get_function_name	0	1	crates/nvim/src/eval/funcs/wrappers.rs
1	get_global_marks	0	1	crates/nvim/src/mark/builtins.rs
1	get_item	0	0	
1	get_jumplist	0	1	crates/nvim/src/mark/jumplist.rs
1	get_last_leader_offset	0	1	crates/nvim/src/change/leader.rs
1	get_line	0	0	
1	get_linematch_results	0	1	crates/nvim/src/lua/xdiff.rs
1	get_list_range	0	1	crates/nvim/src/ex_getln/history.rs
1	get_literal_key	0	1	crates/nvim/src/eval/expr/container.rs
1	get_lval_blob	0	1	crates/nvim/src/eval/lval.rs
1	get_lval_dict_item	0	1	crates/nvim/src/eval/lval.rs
1	get_lval_list	0	1	crates/nvim/src/eval/lval.rs
1	get_lval_subscript	0	1	crates/nvim/src/eval/lval.rs
1	get_match	0	1	crates/nvim/src/match/mod.rs
1	get_max_diff_length	0	1	crates/nvim/src/diff/block.rs
1	get_maxbacktrace_level	0	1	crates/nvim/src/debugger/mode.rs
1	get_mef_name	0	1	crates/nvim/src/quickfix/make.rs
1	get_menu_cmd_modes	0	1	crates/nvim/src/menu/name.rs
1	get_mouse_button	0	1	crates/nvim/src/keycodes/mod.rs
1	get_next_completion_match	0	1	crates/nvim/src/insexpand/getexp.rs
1	get_next_default_completion	0	1	crates/nvim/src/insexpand/sources.rs
1	get_next_dict_tsr_completion	0	1	crates/nvim/src/insexpand/getexp.rs
1	get_next_spell_completion	0	0	
1	get_normal_compl_info	0	1	crates/nvim/src/insexpand/session.rs
1	get_one_sourceline	0	1	crates/nvim/src/runtime/script.rs
1	get_op	0	1	crates/nvim/src/option/set_cmd.rs
1	get_option_newval	0	1	crates/nvim/src/option/set_cmd.rs
1	get_option_prefix	0	1	crates/nvim/src/option/set_cmd.rs
1	get_path_cutoff	0	1	crates/nvim/src/path/unique.rs
1	get_prevcol_hl_flag	0	1	crates/nvim/src/match/searchhl.rs
1	get_recorded	0	1	crates/nvim/src/getchar/buffers.rs
1	get_return_cmd	0	1	crates/nvim/src/eval/userfunc/ret.rs
1	get_rightmost_vcol	0	1	crates/nvim/src/drawline/state.rs
1	get_search_match_hl	0	1	crates/nvim/src/match/searchhl.rs
1	get_search_pattern	0	1	crates/nvim/src/search/pattern.rs
1	get_sourced_lnum	0	1	crates/nvim/src/runtime/script.rs
1	get_spellword	0	1	crates/nvim/src/eval/vars/external.rs
1	get_substitute_pattern	0	1	crates/nvim/src/search/pattern.rs
1	get_sw_value_pos	0	1	crates/nvim/src/indent/mod.rs
1	get_tags	0	1	crates/nvim/src/tag/query.rs
1	get_tagstack	0	1	crates/nvim/src/tag/stack.rs
1	get_user_commands	0	1	crates/nvim/src/usercmd/complete.rs
1	get_user_func_name	0	1	crates/nvim/src/eval/userfunc/listing.rs
1	get_user_var_name	0	1	crates/nvim/src/eval/vars/lookup.rs
1	get_view_file	0	1	crates/nvim/src/ex_session/mod.rs
1	get_wholeline_compl_info	0	1	crates/nvim/src/insexpand/session.rs
1	getdigits_long	0	1	crates/nvim/src/charset/walk.rs
1	getnextmark	0	1	crates/nvim/src/mark/lookup.rs
1	getsourceline	0	1	crates/nvim/src/runtime/script.rs
1	getxattr	0	0	
1	glob_rounds	0	1	crates/nvim/src/runtime/expand.rs
1	global_mark	0	1	crates/nvim/src/ex_cmds/global.rs
1	goto_buffer	0	0	
1	goto_match	0	1	crates/nvim/src/search/includes.rs
1	graft	0	1	crates/nvim/src/undo/read.rs
1	half_page	0	1	crates/nvim/src/move/page.rs
1	handle_affix_entry	0	1	crates/nvim/src/spellfile/affix.rs
1	handle_affix_header	0	1	crates/nvim/src/spellfile/affix.rs
1	handle_flag_type	0	1	crates/nvim/src/spellfile/aff.rs
1	handle_include	0	1	crates/nvim/src/search/includes.rs
1	handle_line	0	1	crates/nvim/src/spellfile/aff.rs
1	handle_map	0	1	crates/nvim/src/spellfile/tables.rs
1	handle_mapping	0	1	crates/nvim/src/getchar/mapmatch.rs
1	handle_quickfix	0	1	crates/nvim/src/startup/buffers.rs
1	handle_tag	0	1	crates/nvim/src/startup/buffers.rs
1	has_nvim_version	0	1	crates/nvim/src/version/mod.rs
1	has_patch	0	1	crates/nvim/src/eval/funcs/runtime.rs
1	has_special_wildchar	0	1	crates/nvim/src/path/glob.rs
1	header_chain	0	0	
1	header_free	0	1	crates/nvim/src/undo/store.rs
1	help_file_lang	0	1	crates/nvim/src/help/tags.rs
1	help_heuristic	0	1	crates/nvim/src/help/mod.rs
1	helptags_one	0	1	crates/nvim/src/help/tags.rs
1	hexhex2nr	0	1	crates/nvim/src/charset/mod.rs
1	hgr_search_file	0	1	crates/nvim/src/quickfix/helpgrep.rs
1	hgr_search_files_in_dir	0	1	crates/nvim/src/quickfix/helpgrep.rs
1	hgr_search_in_rtp	0	1	crates/nvim/src/quickfix/helpgrep.rs
1	hidden_sibling	0	1	crates/nvim/src/undo/file.rs
1	highlight_color	0	1	crates/nvim/src/highlight_group/query.rs
1	highlight_exists	0	1	crates/nvim/src/highlight_group/table.rs
1	hist_shada_replace	1	1	crates/nvim/src/cmdhist/mod.rs
1	hmll_dealloc	0	1	crates/nvim/src/shada/merge.rs
1	hmll_init	0	1	crates/nvim/src/shada/merge.rs
1	hmll_insert	0	1	crates/nvim/src/shada/merge.rs
1	hms_load_pending	0	1	crates/nvim/src/shada/merge.rs
1	hms_to_history	0	1	crates/nvim/src/shada/merge.rs
1	hunk_func	0	0	
1	iconv_open	0	0	
1	iconv_string	0	1	crates/nvim/src/mbyte/convert.rs
1	incl	0	0	
1	indent_after_comment_end	0	1	crates/nvim/src/change/open_line/comment.rs
1	indent_of_comment_start	0	1	crates/nvim/src/change/open_line/smart.rs
1	indexof_list	0	1	crates/nvim/src/eval/funcs/container.rs
1	init_buf_string_options	0	1	crates/nvim/src/optionstr/check.rs
1	init_child	0	1	crates/nvim/src/os/pty_proc_unix/mod.rs
1	init_histories	0	1	crates/nvim/src/shada/write.rs
1	init_params	0	1	crates/nvim/src/startup/args.rs
1	init_path	0	1	crates/nvim/src/startup/args.rs
1	init_search_hl	0	1	crates/nvim/src/match/searchhl.rs
1	init_startuptime	0	1	crates/nvim/src/startup/args.rs
1	init_syl_tab	0	1	crates/nvim/src/spell/slang.rs
1	init_winopt_strings	0	1	crates/nvim/src/option/copy.rs
1	initchr	0	1	crates/nvim/src/regexp/parse.rs
1	ins_compl_add_dict	0	1	crates/nvim/src/insexpand/vimscript.rs
1	ins_compl_add_tv	0	0	
1	ins_compl_addleader	0	0	
1	ins_compl_continue_search	0	1	crates/nvim/src/insexpand/session.rs
1	ins_compl_dictionaries	0	1	crates/nvim/src/insexpand/sources.rs
1	ins_compl_expand_multiple	0	1	crates/nvim/src/insexpand/insert.rs
1	ins_compl_files	0	1	crates/nvim/src/insexpand/sources.rs
1	ins_compl_get_next_word_or_line	0	1	crates/nvim/src/insexpand/sources.rs
1	ins_compl_infercase_gettext	0	1	crates/nvim/src/insexpand/text.rs
1	ins_compl_set_original_text	0	1	crates/nvim/src/insexpand/keys.rs
1	insert_before	0	1	crates/nvim/src/spellfile/wordtree.rs
1	insert_check	0	1	crates/nvim/src/edit/state.rs
1	insert_execute	0	1	crates/nvim/src/edit/state.rs
1	insert_mark_list	0	0	
1	internal_read_event	0	1	crates/nvim/src/msgpack_rpc/channel/mod.rs
1	invocation_path_tail	0	1	crates/nvim/src/path/names.rs
1	is_executable	0	1	crates/nvim/src/os/fs/mod.rs
1	is_expr_sub	0	1	crates/nvim/src/ex_cmds/subst/exec.rs
1	is_ident	0	1	crates/nvim/src/normal/identfind.rs
1	is_path_head	0	0	
1	is_territory_euc	0	1	crates/nvim/src/mbyte/encoding/mod.rs
1	is_zero_width	0	1	crates/nvim/src/search/pattern.rs
1	json_decode_string	0	1	crates/nvim/src/eval/decode/json/mod.rs
1	json_escaped_len	1	1	crates/nvim/src/eval/encode/mod.rs
1	jump_target	0	1	crates/nvim/src/shada/collect.rs
1	jump_to_help_window	0	1	crates/nvim/src/quickfix/switchbuf.rs
1	jump_to_match	0	1	crates/nvim/src/quickfix/vimgrep.rs
1	jumpto_tag	0	1	crates/nvim/src/tag/jump.rs
1	keep_or_drop_dummy	0	1	crates/nvim/src/quickfix/vimgrep.rs
1	keyset_field_is_set	0	1	crates/nvim/src/api/private/helpers/keydict.rs
1	keyset_fields	0	1	crates/nvim/src/api/private/helpers/keydict.rs
1	killpg	0	0	
1	labs	0	0	
1	land_block	0	1	crates/nvim/src/register/put/block.rs
1	lang_key	0	1	crates/nvim/src/lua/treesitter/lang.rs
1	langmap_adjust	0	0	
1	last_pat_prog	0	1	crates/nvim/src/search/pattern.rs
1	last_set_msg	0	0	
1	leader_alignment	0	1	crates/nvim/src/change/open_line/comment.rs
1	left_adjust	0	1	crates/nvim/src/change/open_line/comment.rs
1	libuv_proc_close	0	1	crates/nvim/src/event/libuv_proc.rs
1	libuv_proc_spawn	0	1	crates/nvim/src/event/libuv_proc.rs
1	line_breaks_to_cr	0	1	crates/nvim/src/regexp/substitute.rs
1	line_corners	0	1	crates/nvim/src/eval/funcs/region.rs
1	line_do_arabic_shape	1	1	crates/nvim/src/grid/schar.rs
1	linebreak_size	0	1	crates/nvim/src/plines/mod.rs
1	linetabsize_col	0	1	crates/nvim/src/plines/mod.rs
1	link_next	0	0	
1	link_prev	0	0	
1	lisp_match	0	1	crates/nvim/src/indent/expr.rs
1	list_alloc_ret	0	0	
1	list_arg_vars	0	1	crates/nvim/src/eval/vars/listing.rs
1	list_as_string	0	1	crates/nvim/src/eval/system.rs
1	list_assign_range	0	1	crates/nvim/src/eval/typval/listrange.rs
1	list_check_range_index_two	0	0	
1	list_concat	0	1	crates/nvim/src/eval/typval/listops.rs
1	list_join_inner	0	1	crates/nvim/src/eval/typval/listrange.rs
1	list_oldfiles	0	1	crates/nvim/src/ex_cmds/mod.rs
1	list_one_function	0	1	crates/nvim/src/eval/userfunc/listing.rs
1	list_one_var	0	1	crates/nvim/src/eval/vars/listing.rs
1	list_remove	0	1	crates/nvim/src/eval/typval/listops.rs
1	list_still_usable	0	1	crates/nvim/src/quickfix/vimgrep.rs
1	load_dummy_buffer	0	1	crates/nvim/src/quickfix/dummy.rs
1	load_pack_plugin	0	1	crates/nvim/src/runtime/pack.rs
1	load_quietly	0	1	crates/nvim/src/quickfix/vimgrep.rs
1	load_spl	0	1	crates/nvim/src/spellfile/read.rs
1	load_sug	1	1	crates/nvim/src/spellfile/read.rs
1	log_uv_handles	0	1	crates/nvim/src/event/loop.rs
1	longest_common_match	0	1	crates/nvim/src/cmdexpand/expandone.rs
1	looks_like_swapfile	0	1	crates/nvim/src/memline/recover.rs
1	looks_like_undo_file	0	1	crates/nvim/src/undo/write.rs
1	lookup_ns	0	0	
1	lookup_slot	1	1	crates/nvim/src/hashtab.rs
1	loop_close	0	1	crates/nvim/src/event/loop.rs
1	loop_init	0	1	crates/nvim/src/event/loop.rs
1	loop_schedule_fast	0	1	crates/nvim/src/event/loop.rs
1	luaL_buffinit	0	0	
1	luaL_checklstring	0	0	
1	luaL_pushresult	0	0	
1	lua_error	0	0	
1	lua_getmetatable	0	0	
1	lua_objlen	0	0	
1	lua_pushcclosure	0	0	
1	lua_pushinteger	0	0	
1	lua_pushstring	0	0	
1	lua_pushvalue	0	0	
1	lua_rawset	0	0	
1	lua_rawseti	0	0	
1	lua_setfield	0	0	
1	lua_setmetatable	0	0	
1	lua_toboolean	0	0	
1	make_bom	0	1	crates/nvim/src/bufwrite/convert.rs
1	make_filter_cmd	0	0	
1	make_get_fullcmd	0	1	crates/nvim/src/quickfix/make.rs
1	make_partial	0	1	crates/nvim/src/eval/userfunc/lambda.rs
1	makefoldset	0	1	crates/nvim/src/option/show.rs
1	makemap	0	1	crates/nvim/src/mapping/session.rs
1	makeopens	0	1	crates/nvim/src/ex_session/session.rs
1	makeset	0	1	crates/nvim/src/option/show.rs
1	malloc	0	0	
1	mangle_function_name	0	1	crates/nvim/src/eval/userfunc/name.rs
1	map_add	0	1	crates/nvim/src/mapping/table.rs
1	map_clear_mode	1	1	crates/nvim/src/mapping/table.rs
1	map_to_dict	1	1	crates/nvim/src/eval/decode/msgpack.rs
1	mapblock_free	0	1	crates/nvim/src/mapping/table.rs
1	mark_buffer_iter	0	1	crates/nvim/src/mark/shada.rs
1	mark_get_global	0	1	crates/nvim/src/mark/lookup.rs
1	mark_get_local	0	1	crates/nvim/src/mark/lookup.rs
1	mark_get_motion	0	1	crates/nvim/src/mark/lookup.rs
1	mark_jumplist_iter	0	1	crates/nvim/src/mark/jumplist.rs
1	mark_set_global	1	1	crates/nvim/src/mark/shada.rs
1	mark_set_local	1	1	crates/nvim/src/mark/shada.rs
1	marktree_alloc_node	0	1	crates/nvim/src/marktree/node.rs
1	marktree_clear	1	1	crates/nvim/src/marktree/mod.rs
1	marktree_get_altpos	0	0	
1	marktree_itr_current	0	0	
1	marktree_itr_get	0	0	
1	marktree_itr_get_filter	0	1	crates/nvim/src/marktree/iter.rs
1	marktree_itr_get_overlap	0	0	
1	marktree_itr_next_filter	0	1	crates/nvim/src/marktree/iter.rs
1	marktree_itr_set_node	0	0	
1	marktree_itr_step_out_filter	0	1	crates/nvim/src/marktree/iter.rs
1	marktree_itr_step_overlap	0	0	
1	marktree_lookup_ns	0	0	
1	match_buflines	0	1	crates/nvim/src/quickfix/vimgrep.rs
1	match_group	0	1	crates/nvim/src/undo/write.rs
1	match_is_code	0	1	crates/nvim/src/search/incline.rs
1	match_on_line	0	1	crates/nvim/src/search/incline.rs
1	match_position_message	0	1	crates/nvim/src/insexpand/pum.rs
1	matchadd_dict_arg	0	1	crates/nvim/src/match/vimscript.rs
1	matching_line_len	0	1	crates/nvim/src/tag/jump.rs
1	may_advance_cpt_index	0	1	crates/nvim/src/insexpand/getexp.rs
1	mb_charlen_len	0	1	crates/nvim/src/mbyte/walk.rs
1	mb_stricmp	0	1	crates/nvim/src/mbyte/case.rs
1	mb_utflen	0	1	crates/nvim/src/mbyte/walk.rs
1	measure_first_argument	0	1	crates/nvim/src/indent/expr.rs
1	memcnt	0	1	crates/nvim/src/memory/mod.rs
1	menu_context	0	0	
1	menu_find	0	1	crates/nvim/src/menu/exec.rs
1	menu_get	0	1	crates/nvim/src/menu/tree.rs
1	merge	0	0	
1	merge_file_mark	0	1	crates/nvim/src/shada/merge.rs
1	merge_global_mark	0	1	crates/nvim/src/shada/merge.rs
1	merge_history	0	1	crates/nvim/src/shada/merge.rs
1	merge_numbered_mark	0	1	crates/nvim/src/shada/merge.rs
1	mergesort_list	0	1	crates/nvim/src/memory/mod.rs
1	mf_find	0	1	crates/nvim/src/memfile/mod.rs
1	mf_free_fnames	0	1	crates/nvim/src/memfile/swapfile.rs
1	mf_fullname	0	1	crates/nvim/src/memfile/swapfile.rs
1	mf_new_page_size	0	1	crates/nvim/src/memfile/mod.rs
1	mf_set_dirty	0	1	crates/nvim/src/memfile/mod.rs
1	mf_set_fnames	0	1	crates/nvim/src/memfile/swapfile.rs
1	mf_trans_del	0	1	crates/nvim/src/memfile/mod.rs
1	mh_clear	0	1	crates/nvim/src/map/mod.rs
1	mh_put_glyph	0	1	crates/nvim/src/map_glyph_cache.rs
1	ml_add_deleted_len	0	1	crates/nvim/src/memline/lines.rs
1	ml_chunk_addline	1	1	crates/nvim/src/memline/offsets.rs
1	ml_chunk_split	1	1	crates/nvim/src/memline/offsets.rs
1	ml_flush_deleted_bytes	0	1	crates/nvim/src/memline/lines.rs
1	ml_free_data_block	0	1	crates/nvim/src/memline/edit.rs
1	ml_get	0	0	
1	ml_get_buf_len	0	0	
1	ml_get_len	0	0	
1	ml_insert_in_block	1	1	crates/nvim/src/memline/edit.rs
1	ml_insert_pointer	0	1	crates/nvim/src/memline/edit.rs
1	ml_open_blocks	0	1	crates/nvim/src/memline/mod.rs
1	ml_pointer_add_entry	0	1	crates/nvim/src/memline/edit.rs
1	ml_split_data_block	0	1	crates/nvim/src/memline/edit.rs
1	ml_split_pointer_block	0	1	crates/nvim/src/memline/edit.rs
1	ml_store_line	0	1	crates/nvim/src/memline/tree.rs
1	move_prompt_down	0	1	crates/nvim/src/change/open_line/mod.rs
1	movecursor	0	1	crates/nvim/src/vterm/screen/callbacks.rs
1	moverect	0	0	
1	mpack_ext	0	1	crates/nvim/src/msgpack_rpc/packer/mod.rs
1	mpack_object	0	1	crates/nvim/src/msgpack_rpc/packer/mod.rs
1	mpack_object_array	0	0	
1	mpack_parse_tok	0	1	crates/nvim/src/mpack/object.rs
1	mpack_rpc_receive_tok	0	1	crates/nvim/src/mpack/rpc.rs
1	mpack_rtoken	0	1	crates/nvim/src/mpack/mpack_core.rs
1	mpack_unpack_boolean	0	0	
1	mpack_unpack_float_fast	0	0	
1	mpack_unpack_sint	0	0	
1	mpack_unpack_uint	0	0	
1	msg_outnum	0	0	
1	msg_show_console_dialog	0	1	crates/nvim/src/message/dialog.rs
1	msg_verbose_cmd	0	1	crates/nvim/src/ex_docmd/source.rs
1	msgpackparse_unpack_blob	0	1	crates/nvim/src/eval/funcs/msgpack.rs
1	msgpackparse_unpack_list	0	1	crates/nvim/src/eval/funcs/msgpack.rs
1	mt_inspect	0	0	
1	multiqueue_get	0	1	crates/nvim/src/event/multiqueue.rs
1	multiqueue_size	0	1	crates/nvim/src/event/multiqueue.rs
1	munge_separators	0	1	crates/nvim/src/undo/file.rs
1	name_length	0	1	crates/nvim/src/file_search/cursor.rs
1	name_matches	1	1	crates/nvim/src/path/glob.rs
1	name_start	0	1	crates/nvim/src/file_search/cursor.rs
1	namespace_of	0	1	crates/nvim/src/sign/store.rs
1	needs_splitting	0	1	crates/nvim/src/option/show.rs
1	new_entry	0	1	crates/nvim/src/syntax/stack.rs
1	next	0	1	crates/nvim/src/match/searchhl.rs
1	next_buffered_line	0	1	crates/nvim/src/runtime/script.rs
1	next_for_item	0	1	crates/nvim/src/eval/forloop.rs
1	next_isopt_entry	1	1	crates/nvim/src/charset/mod.rs
1	next_line	0	1	crates/nvim/src/runtime/script.rs
1	next_match	0	1	crates/nvim/src/cmdexpand/expandone.rs
1	next_of	0	0	
1	next_search_hl_pos	0	1	crates/nvim/src/match/searchhl.rs
1	nfa_recognize_char_class	0	1	crates/nvim/src/regexp/nfa/compile.rs
1	nfa_regcomp_start	0	1	crates/nvim/src/regexp/nfa/compile.rs
1	ngettext_raw	0	1	crates/nvim/src/os/cshim.rs
1	nl_langinfo	0	0	
1	nlua_call_user_expand_func	0	1	crates/nvim/src/lua/executor/exec.rs
1	nlua_create_typed_table	0	1	crates/nvim/src/lua/converter/push_object.rs
1	nlua_exec_lines	0	1	crates/nvim/src/lua/executor/exec.rs
1	nlua_execute_on_key	0	1	crates/nvim/src/lua/executor/callable.rs
1	nlua_expand_get_matches	0	1	crates/nvim/src/lua/executor/expand.rs
1	nlua_init_state	0	1	crates/nvim/src/lua/executor/state.rs
1	nlua_pop_float	0	1	crates/nvim/src/lua/converter/pop.rs
1	nlua_push_float	0	1	crates/nvim/src/lua/converter/push_object.rs
1	nlua_push_keydict	0	1	crates/nvim/src/lua/converter/keysets.rs
1	nlua_ref	0	1	crates/nvim/src/lua/executor/refs.rs
1	nlua_rpc	0	1	crates/nvim/src/lua/executor/call.rs
1	nlua_run_script	0	1	crates/nvim/src/lua/executor/state.rs
1	nlua_typval_eval	1	1	crates/nvim/src/lua/executor/exec.rs
1	nlua_typval_exec	0	1	crates/nvim/src/lua/executor/exec.rs
1	nlua_unref	0	1	crates/nvim/src/lua/executor/refs.rs
1	nlua_unref_global	0	1	crates/nvim/src/lua/executor/refs.rs
1	node_dict_size	0	0	
1	node_equal	0	2	
1	normal_check	0	1	crates/nvim/src/normal/state.rs
1	normal_check_interrupt	0	1	crates/nvim/src/normal/state.rs
1	normal_finish_command	0	1	crates/nvim/src/normal/dispatch.rs
1	normal_get_additional_char	0	1	crates/nvim/src/normal/dispatch.rs
1	normal_get_command_count	0	1	crates/nvim/src/normal/dispatch.rs
1	normal_handle_special_visual_command	0	1	crates/nvim/src/normal/state.rs
1	normal_invert_horizontal	0	1	crates/nvim/src/normal/dispatch.rs
1	normal_need_additional_char	0	1	crates/nvim/src/normal/state.rs
1	normal_need_redraw_mode_message	0	1	crates/nvim/src/normal/state.rs
1	notify_internal	0	0	
1	ns_get_hl_defs	0	1	crates/nvim/src/highlight_group/query.rs
1	ns_hl_def	0	0	
1	nth_adjacent_entry	0	1	crates/nvim/src/quickfix/navigate.rs
1	number_key	1	1	crates/nvim/src/ex_cmds/sort.rs
1	nv_bracket_block	0	1	crates/nvim/src/normal/brackets.rs
1	nv_gd	0	1	crates/nvim/src/normal/identfind.rs
1	nv_z_get_count	0	1	crates/nvim/src/normal/scroll/zet.rs
1	nvim__chan_set_detach	0	0	
1	nvim__exec_lua_fast	0	1	crates/nvim/src/api/vim/runtime.rs
1	nvim_call_atomic	0	1	crates/nvim/src/api/deprecated/eval.rs
1	nvim_create_namespace	0	0	
1	nvim_execute_lua	0	1	crates/nvim/src/api/deprecated/eval.rs
1	nvim_feedkeys	0	0	
1	nvim_get_api_info	1	1	crates/nvim/src/api/vim/client.rs
1	nvim_set_decoration_provider	0	1	crates/nvim/src/api/extmark/decor.rs
1	on_put	0	0	
1	on_scrollback_option_changed	0	1	crates/nvim/src/terminal/refresh.rs
1	one_window	0	0	
1	op_change	0	1	crates/nvim/src/ops/insert.rs
1	op_formatexpr	0	1	crates/nvim/src/textformat/lines.rs
1	op_function	0	1	crates/nvim/src/ops/external.rs
1	op_insert	0	1	crates/nvim/src/ops/insert.rs
1	op_reg_get	0	1	crates/nvim/src/register/store.rs
1	op_reg_iter	0	1	crates/nvim/src/register/store.rs
1	op_reg_set	1	1	crates/nvim/src/register/store.rs
1	op_replace	0	1	crates/nvim/src/ops/replace.rs
1	op_tilde	0	1	crates/nvim/src/ops/case.rs
1	open_direct_writer	0	1	crates/nvim/src/shada/file.rs
1	open_script	0	1	crates/nvim/src/runtime/source.rs
1	open_scriptin	0	1	crates/nvim/src/getchar/scriptin.rs
1	open_source	0	1	crates/nvim/src/fileio/open.rs
1	open_temp_writer	0	1	crates/nvim/src/shada/file.rs
1	open_write_file	0	1	crates/nvim/src/bufwrite/backup.rs
1	opendir	0	0	
1	openscript	0	1	crates/nvim/src/getchar/scriptin.rs
1	optval_as_tv	0	0	
1	os_chown	0	0	
1	os_close	1	1	crates/nvim/src/os/fs/mod.rs
1	os_copy_fullenv	0	1	crates/nvim/src/os/env/mod.rs
1	os_dup	1	1	crates/nvim/src/os/fs/mod.rs
1	os_exepath	0	1	crates/nvim/src/os/fs/mod.rs
1	os_file_is_readable	0	0	
1	os_file_mkdir	0	1	crates/nvim/src/os/fs/dir.rs
1	os_fileinfo_fd	0	1	crates/nvim/src/os/fs/meta.rs
1	os_getenv_buf	0	1	crates/nvim/src/os/env/mod.rs
1	os_libcall	1	1	crates/nvim/src/os/dl.rs
1	os_mkdtemp	0	1	crates/nvim/src/os/fs/dir.rs
1	os_read	0	1	crates/nvim/src/os/fs/mod.rs
1	os_readv	0	1	crates/nvim/src/os/fs/mod.rs
1	os_realpath	0	1	crates/nvim/src/os/fs/mod.rs
1	os_rmdir	0	0	
1	os_system	0	1	crates/nvim/src/os/shell/system.rs
1	out	0	0	
1	out_hunk	0	0	
1	out_line	0	0	
1	out_raw	0	1	crates/nvim/src/tui/output.rs
1	outfunc	0	0	
1	output_is_writable	0	1	crates/nvim/src/spellfile/mod.rs
1	output_name	0	1	crates/nvim/src/spellfile/mod.rs
1	owned_name	0	1	crates/nvim/src/os/users.rs
1	owner_matches	0	1	crates/nvim/src/undo/read.rs
1	package_root	0	1	crates/nvim/src/runtime/pack.rs
1	packer_buffer_for_file	0	1	crates/nvim/src/shada/pack.rs
1	packer_channels	0	1	crates/nvim/src/msgpack_rpc/channel/envelope.rs
1	param_bytes	1	1	crates/nvim/src/tui/termkey/driver_csi.rs
1	parse_args	0	1	crates/nvim/src/api/command/parse.rs
1	parse_briopt	0	1	crates/nvim/src/indent/breakindent.rs
1	parse_buffer_list	0	1	crates/nvim/src/shada/parse.rs
1	parse_cell_width_row	0	1	crates/nvim/src/mbyte/cells.rs
1	parse_cell_widths	0	1	crates/nvim/src/mbyte/cells.rs
1	parse_command_modifiers	0	0	
1	parse_conversion	0	1	crates/nvim/src/strings/printf/emit.rs
1	parse_diff_ed	0	1	crates/nvim/src/diff/hunk.rs
1	parse_fmt_types	0	1	crates/nvim/src/strings/printf/spec.rs
1	parse_history	0	1	crates/nvim/src/shada/parse.rs
1	parse_history_arg	0	1	crates/nvim/src/cmdhist/mod.rs
1	parse_json_number	1	1	crates/nvim/src/eval/decode/json/scan.rs
1	parse_json_string	1	1	crates/nvim/src/eval/decode/json/scan.rs
1	parse_known	0	1	crates/nvim/src/shada/parse.rs
1	parse_line	0	1	crates/nvim/src/quickfix/parse.rs
1	parse_map_cmd	0	1	crates/nvim/src/api/command/parse.rs
1	parse_mark	0	1	crates/nvim/src/shada/parse.rs
1	parse_mkspellmem	0	1	crates/nvim/src/spellfile/mod.rs
1	parse_offset	0	1	crates/nvim/src/search/command.rs
1	parse_parts	0	1	crates/nvim/src/cursor_shape.rs
1	parse_quoted_string	0	1	crates/nvim/src/viml/parser/expressions/strings.rs
1	parse_register	0	1	crates/nvim/src/shada/parse.rs
1	parse_retab_arg	0	1	crates/nvim/src/indent/edit.rs
1	parse_search_pattern	0	1	crates/nvim/src/shada/parse.rs
1	parse_sign_cmd_args	0	1	crates/nvim/src/sign/command.rs
1	parse_sort_uniq_args	0	1	crates/nvim/src/eval/typval/sort.rs
1	parse_sub_string	0	1	crates/nvim/src/shada/parse.rs
1	parse_type	0	1	crates/nvim/src/eval/funcs/region.rs
1	parse_variable	0	1	crates/nvim/src/shada/parse.rs
1	partial_free	0	1	crates/nvim/src/eval/expr/call.rs
1	paste_marker	0	0	
1	path_expand	0	1	crates/nvim/src/path/glob.rs
1	path_full_dir_name	0	1	crates/nvim/src/path/mod.rs
1	path_guess_exepath	0	1	crates/nvim/src/path/mod.rs
1	path_to_absolute	0	1	crates/nvim/src/path/mod.rs
1	pattern_admitted	1	1	crates/nvim/src/syntax/attr.rs
1	pattern_to_search	0	1	crates/nvim/src/search/command.rs
1	pbyte	0	0	
1	pending_events	0	1	crates/nvim/src/os/input.rs
1	pending_timestamp	0	1	crates/nvim/src/shada/merge.rs
1	plan_end	0	1	crates/nvim/src/change/open_line/comment.rs
1	plan_indent	0	1	crates/nvim/src/indent/mod.rs
1	plan_leader	0	1	crates/nvim/src/change/open_line/comment.rs
1	plan_start_or_middle	0	1	crates/nvim/src/change/open_line/comment.rs
1	plines_m_win_fill	0	0	
1	poll	0	0	
1	pop	0	1	crates/nvim/src/mpack/object.rs
1	positive_integer_to_special_typval	0	0	
1	postpone_prefix	0	1	crates/nvim/src/spellfile/affix.rs
1	prefix_cmp	0	1	crates/nvim/src/cstr.rs
1	prepare_line	0	1	crates/nvim/src/drawline/prologue.rs
1	prepare_name	0	1	crates/nvim/src/file_search/resolve.rs
1	prepare_search_hl	0	1	crates/nvim/src/match/searchhl.rs
1	prepare_search_hl_line	0	1	crates/nvim/src/match/searchhl.rs
1	prepare_yankreg_from_object	0	1	crates/nvim/src/register/contents.rs
1	prepend_item	0	1	crates/nvim/src/option/stropt.rs
1	prev_of	0	0	
1	print_command	0	1	crates/nvim/src/tag/list.rs
1	print_entry_head	0	1	crates/nvim/src/tag/list.rs
1	print_tag_list	0	1	crates/nvim/src/tag/list.rs
1	printable_func_name	0	1	crates/nvim/src/eval/userfunc/name.rs
1	proc_is_stopped	0	0	
1	proc_spawn	0	1	crates/nvim/src/event/proc.rs
1	proc_teardown	0	1	crates/nvim/src/event/proc.rs
1	process_compflags	0	1	crates/nvim/src/spellfile/flags.rs
1	process_files	0	1	crates/nvim/src/quickfix/vimgrep.rs
1	process_hunk	0	1	crates/nvim/src/diff/hunk.rs
1	process_next_cpt_value	0	1	crates/nvim/src/insexpand/getexp.rs
1	process_xdl_diff_opts	0	1	crates/nvim/src/lua/xdiff.rs
1	profile_cmd	0	1	crates/nvim/src/ex_docmd/onecmd.rs
1	profile_init	0	1	crates/nvim/src/profile/mod.rs
1	profile_script_start	0	1	crates/nvim/src/runtime/source.rs
1	prune_equal_dict_items	1	1	crates/nvim/src/testing/report.rs
1	ptsname	0	0	
1	pty_proc_close	0	1	crates/nvim/src/os/pty_proc_unix/mod.rs
1	pty_proc_flush_master	0	1	crates/nvim/src/os/pty_proc_unix/mod.rs
1	pty_proc_resume	0	1	crates/nvim/src/os/pty_proc_unix/mod.rs
1	pty_proc_spawn	0	1	crates/nvim/src/os/pty_proc_unix/mod.rs
1	pty_proc_teardown	0	1	crates/nvim/src/os/pty_proc_unix/mod.rs
1	pum_compute_text_attrs	0	1	crates/nvim/src/popupmenu/draw.rs
1	pum_draw_row	1	1	crates/nvim/src/popupmenu/draw.rs
1	pum_fill_info	0	1	crates/nvim/src/popupmenu/preview.rs
1	pum_publish_external	0	1	crates/nvim/src/popupmenu/mod.rs
1	pum_selected_info	0	1	crates/nvim/src/popupmenu/preview.rs
1	pum_set_event_info	0	1	crates/nvim/src/popupmenu/mod.rs
1	pum_set_info	0	1	crates/nvim/src/popupmenu/preview.rs
1	pum_show_info	0	1	crates/nvim/src/popupmenu/preview.rs
1	pum_user_attr_combine	1	1	crates/nvim/src/popupmenu/draw.rs
1	push_extmark	0	1	crates/nvim/src/undo/file.rs
1	push_pop_dir	0	1	crates/nvim/src/quickfix/parse.rs
1	put_cd	0	1	crates/nvim/src/ex_session/session.rs
1	put_folds	0	1	crates/nvim/src/fold/session.rs
1	put_keyword	0	1	crates/nvim/src/syntax/list.rs
1	put_session_global	0	1	crates/nvim/src/ex_session/session.rs
1	put_string_value	0	1	crates/nvim/src/option/show.rs
1	put_virt_lines	1	1	crates/nvim/src/decoration/dict.rs
1	put_virt_text	1	1	crates/nvim/src/decoration/dict.rs
1	put_word_end	0	1	crates/nvim/src/spellfile/write.rs
1	qf_add_entry_from_dict	0	1	crates/nvim/src/quickfix/setprops.rs
1	qf_buf_add_line	0	1	crates/nvim/src/quickfix/fill.rs
1	qf_get_list_from_lines	0	1	crates/nvim/src/quickfix/getprops.rs
1	qf_get_properties	0	1	crates/nvim/src/quickfix/getprops.rs
1	qf_getprop_ctx	0	1	crates/nvim/src/quickfix/getprops.rs
1	qf_getprop_defaults	0	1	crates/nvim/src/quickfix/getprops.rs
1	qf_getprop_filewinid	0	1	crates/nvim/src/quickfix/getprops.rs
1	qf_getprop_idx	0	1	crates/nvim/src/quickfix/getprops.rs
1	qf_getprop_items	0	1	crates/nvim/src/quickfix/getprops.rs
1	qf_getprop_keys2flags	0	1	crates/nvim/src/quickfix/getprops.rs
1	qf_getprop_qfidx	0	1	crates/nvim/src/quickfix/getprops.rs
1	qf_getprop_qftf	0	1	crates/nvim/src/quickfix/getprops.rs
1	qf_goto_win_with_ll_file	0	1	crates/nvim/src/quickfix/switchbuf.rs
1	qf_guess_filepath	0	1	crates/nvim/src/quickfix/entry.rs
1	qf_jump_edit_buffer	0	1	crates/nvim/src/quickfix/jump.rs
1	qf_jump_goto_line	0	1	crates/nvim/src/quickfix/jump.rs
1	qf_jump_open_window	0	1	crates/nvim/src/quickfix/jump.rs
1	qf_jump_print_msg	0	1	crates/nvim/src/quickfix/jump.rs
1	qf_jump_to_buffer	0	1	crates/nvim/src/quickfix/jump.rs
1	qf_jump_to_usable_window	0	1	crates/nvim/src/quickfix/switchbuf.rs
1	qf_list_entry	0	1	crates/nvim/src/quickfix/display.rs
1	qf_open_new_file_win	0	1	crates/nvim/src/quickfix/switchbuf.rs
1	qf_set_properties	0	1	crates/nvim/src/quickfix/setprops.rs
1	qf_setprop_get_qfidx	0	1	crates/nvim/src/quickfix/setprops.rs
1	qf_setprop_items	0	1	crates/nvim/src/quickfix/setprops.rs
1	qf_setprop_items_from_lines	0	1	crates/nvim/src/quickfix/setprops.rs
1	qf_setprop_title	0	1	crates/nvim/src/quickfix/setprops.rs
1	queue_insert_tail	0	1	crates/nvim/src/eval/typval/access.rs
1	quote_line	0	1	crates/nvim/src/usercmd/expand.rs
1	quote_meta	0	1	crates/nvim/src/insexpand/text.rs
1	quote_span	0	1	crates/nvim/src/usercmd/expand.rs
1	quoted_span	0	1	crates/nvim/src/textobject/quote.rs
1	raw_line_legacy	0	1	crates/nvim/src/api/ui/line.rs
1	raw_line_linegrid	0	1	crates/nvim/src/api/ui/line.rs
1	read_composing_tail	0	1	crates/nvim/src/normal/dispatch.rs
1	read_count	0	1	crates/nvim/src/ex_cmds/subst/args.rs
1	read_event	0	1	crates/nvim/src/event/rstream.rs
1	read_extra_fields	0	1	crates/nvim/src/tag/jump.rs
1	read_file_chunk	0	1	crates/nvim/src/runtime/script.rs
1	read_file_header	0	1	crates/nvim/src/undo/read.rs
1	read_header	0	1	crates/nvim/src/shada/unpack.rs
1	read_headers	0	1	crates/nvim/src/undo/read.rs
1	read_inputs	0	1	crates/nvim/src/spellfile/mod.rs
1	read_lines	0	1	crates/nvim/src/quickfix/read.rs
1	read_options	0	2	
1	read_region_names	0	1	crates/nvim/src/spellfile/mod.rs
1	read_spl	0	1	crates/nvim/src/spellfile/read.rs
1	read_undo_file	0	1	crates/nvim/src/undo/read.rs
1	read_unknown	0	1	crates/nvim/src/shada/unpack.rs
1	read_wordfile_header	0	1	crates/nvim/src/spellfile/wordfile.rs
1	readfile_charconvert	0	1	crates/nvim/src/fileio/convert.rs
1	readv	0	0	
1	realloc	0	1	crates/nvim/src/allocator.rs
1	recenter	0	1	crates/nvim/src/ex_cmds/ecmd/mod.rs
1	recompile_backtracking	0	1	crates/nvim/src/regexp/api.rs
1	record_line	0	1	crates/nvim/src/syntax/state.rs
1	recover_from_backup	0	1	crates/nvim/src/bufwrite/backup.rs
1	recover_lines	0	1	crates/nvim/src/memline/recover.rs
1	redraw_win_range_later	0	0	
1	ref_extmatch	0	1	crates/nvim/src/regexp/context.rs
1	refine_inline_char	0	1	crates/nvim/src/diff/refine.rs
1	refine_inline_word	0	1	crates/nvim/src/diff/refine.rs
1	register_script	0	1	crates/nvim/src/runtime/source.rs
1	regtilde	0	1	crates/nvim/src/regexp/substitute.rs
1	rehash	0	2	
1	reindent_new_line	0	1	crates/nvim/src/change/open_line/mod.rs
1	relative_win	0	1	crates/nvim/src/eval/window/resolve.rs
1	remote_request	0	1	crates/nvim/src/startup/remote.rs
1	remote_ui_chdir	0	0	
1	remote_ui_connect	0	1	crates/nvim/src/api/ui/mod.rs
1	remote_ui_destroy	0	1	crates/nvim/src/api/ui/mod.rs
1	remote_ui_disconnect	0	0	
1	remote_ui_event	0	1	crates/nvim/src/api/ui/redraw.rs
1	remote_ui_flush_pending_data	0	1	crates/nvim/src/api/ui/packer.rs
1	remote_ui_hl_attr_define	0	1	crates/nvim/src/api/ui/redraw.rs
1	remote_ui_hl_group_set	0	0	
1	remote_ui_option_set	0	0	
1	remote_ui_put	0	1	crates/nvim/src/api/ui/events.rs
1	remote_ui_raw_line	0	1	crates/nvim/src/api/ui/line.rs
1	remote_ui_set_title	0	0	
1	remove_bom	0	1	crates/nvim/src/mbyte/encoding/mod.rs
1	remove_old_matches	1	1	crates/nvim/src/insexpand/matchlist.rs
1	rename_with_tmp	0	1	crates/nvim/src/fileio/names.rs
1	render_float	1	1	crates/nvim/src/strings/printf/float.rs
1	render_integer	1	1	crates/nvim/src/strings/printf/emit.rs
1	render_stack	0	1	crates/nvim/src/runtime/estack.rs
1	render_string	0	1	crates/nvim/src/strings/printf/emit.rs
1	reorder_matches	0	1	crates/nvim/src/tag/command.rs
1	replace_last_used_pattern	0	1	crates/nvim/src/search/pattern.rs
1	replace_original	0	1	crates/nvim/src/shada/file.rs
1	replace_termcodes	0	1	crates/nvim/src/keycodes/mod.rs
1	report_and_place	0	1	crates/nvim/src/fileio/read/tail.rs
1	report_duplicates	0	1	crates/nvim/src/help/tags.rs
1	report_error	0	1	crates/nvim/src/ui/callbacks.rs
1	report_failed_notification	0	1	crates/nvim/src/msgpack_rpc/channel/envelope.rs
1	report_fails_mismatch	0	1	crates/nvim/src/testing/fails.rs
1	report_missing	0	1	crates/nvim/src/file_search/resolve.rs
1	report_pending	0	1	crates/nvim/src/ex_eval/exception.rs
1	report_read	0	1	crates/nvim/src/fileio/report.rs
1	report_recovery	0	1	crates/nvim/src/memline/recover.rs
1	report_scripts	0	1	crates/nvim/src/runtime/script.rs
1	report_written	0	1	crates/nvim/src/bufwrite/lines.rs
1	report_yank	0	1	crates/nvim/src/register/yank.rs
1	request_event	0	1	crates/nvim/src/msgpack_rpc/channel/receive.rs
1	reshape	1	1	crates/nvim/src/grid/schar.rs
1	reshape_match	0	1	crates/nvim/src/tag/query.rs
1	resolve_ctrl_backslash	0	1	crates/nvim/src/normal/dispatch.rs
1	resolve_swapfile_clash	0	1	crates/nvim/src/memline/swapname.rs
1	resolve_tag_at_cursor	0	1	crates/nvim/src/help/mod.rs
1	resolve_target	0	1	crates/nvim/src/ex_cmds/ecmd/mod.rs
1	restart	0	3	
1	restore_backup	0	1	crates/nvim/src/bufwrite/backup.rs
1	restore_current_state	0	1	crates/nvim/src/ex_docmd/exnormal.rs
1	restore_dbg_stuff	0	1	crates/nvim/src/ex_docmd/source.rs
1	reverse_echo	1	1	crates/nvim/src/search/command.rs
1	rewrite_prompt_line	0	1	crates/nvim/src/eval/buffer/prompt.rs
1	right_adjust	0	1	crates/nvim/src/change/open_line/comment.rs
1	right_padding	0	1	crates/nvim/src/register/put/block.rs
1	room_for	0	1	crates/nvim/src/option/stropt.rs
1	rpc_close	0	1	crates/nvim/src/msgpack_rpc/channel/mod.rs
1	rpc_free	0	1	crates/nvim/src/msgpack_rpc/channel/mod.rs
1	rpc_write_raw	0	1	crates/nvim/src/msgpack_rpc/channel/mod.rs
1	rstream_init_fd	0	1	crates/nvim/src/event/rstream.rs
1	rstream_start_inner	0	1	crates/nvim/src/event/rstream.rs
1	rstream_stop_inner	0	1	crates/nvim/src/event/rstream.rs
1	run_cmd	1	1	crates/nvim/src/api/command/cmd.rs
1	run_debug_cmd	0	1	crates/nvim/src/debugger/mode.rs
1	run_linematch_algorithm	0	1	crates/nvim/src/diff/lmatch.rs
1	run_read_autocmds	0	1	crates/nvim/src/fileio/read/tail.rs
1	runtimepath_default	0	1	crates/nvim/src/runtime/rtp.rs
1	same_file	0	1	crates/nvim/src/arglist/mod.rs
1	save_capture	1	1	crates/nvim/src/regexp/bt/state.rs
1	save_current_state	0	1	crates/nvim/src/ex_docmd/exnormal.rs
1	save_dbg_stuff	0	1	crates/nvim/src/ex_docmd/source.rs
1	save_patterns	0	1	crates/nvim/src/os/shell/expand.rs
1	sb_clear	0	1	crates/nvim/src/vterm/screen/callbacks.rs
1	sb_popline	0	0	
1	sb_pushline	0	0	
1	scan	0	1	crates/nvim/src/regexp/nfa/matcher.rs
1	scan_fmt_types	0	1	crates/nvim/src/strings/printf/spec.rs
1	scan_help_file	0	1	crates/nvim/src/help/tags.rs
1	scan_patterns	0	1	crates/nvim/src/syntax/attr.rs
1	schar_from_char	0	0	
1	schar_in_arabic_block	1	1	crates/nvim/src/grid/schar.rs
1	score_combine	0	1	crates/nvim/src/spellsuggest/collect.rs
1	score_comp_sal	0	1	crates/nvim/src/spellsuggest/collect.rs
1	screen_new	0	1	crates/nvim/src/vterm/screen/mod.rs
1	script_get	0	1	crates/nvim/src/ex_getln/prompt.rs
1	script_query	0	1	crates/nvim/src/runtime/script.rs
1	scroll_cursor_halfway	0	0	
1	sd_reader_skip	0	1	crates/nvim/src/shada/unpack.rs
1	seam_free	0	1	crates/nvim/src/memory/mod.rs
1	search_for_exact_line	0	1	crates/nvim/src/search/find.rs
1	search_for_fuzzy_match	0	1	crates/nvim/src/insexpand/sources.rs
1	search_maphash	0	1	crates/nvim/src/getchar/mapmatch.rs
1	search_pattern	1	1	crates/nvim/src/tag/list.rs
1	seek_item_start	0	1	crates/nvim/src/option/expand.rs
1	send_error	0	1	crates/nvim/src/msgpack_rpc/channel/receive.rs
1	send_to_channel	0	1	crates/nvim/src/channel/mod.rs
1	serialize_extmark	0	1	crates/nvim/src/undo/file.rs
1	serialize_header	0	1	crates/nvim/src/undo/file.rs
1	serialize_uep	0	1	crates/nvim/src/undo/file.rs
1	serialize_uhp	0	1	crates/nvim/src/undo/file.rs
1	serialize_visualinfo	0	1	crates/nvim/src/undo/file.rs
1	server_connect	0	1	crates/nvim/src/startup/remote.rs
1	server_init	0	1	crates/nvim/src/msgpack_rpc/server.rs
1	server_owns_pipe_address	0	1	crates/nvim/src/msgpack_rpc/server.rs
1	set_arglist	0	1	crates/nvim/src/arglist/mod.rs
1	set_argv_var	0	1	crates/nvim/src/eval/entry.rs
1	set_b0_dir_flag	0	1	crates/nvim/src/memline/block0.rs
1	set_blob_var	0	1	crates/nvim/src/eval/lval/assign.rs
1	set_buf_var	0	0	
1	set_buffer_lines	0	0	
1	set_cmd_index	0	1	crates/nvim/src/cmdexpand/context.rs
1	set_completion	0	1	crates/nvim/src/insexpand/vimscript.rs
1	set_context_by_cmdname	0	1	crates/nvim/src/cmdexpand/cmdname.rs
1	set_context_in_argopt	0	1	crates/nvim/src/cmdexpand/context.rs
1	set_context_in_breakadd_cmd	0	1	crates/nvim/src/cmdexpand/context.rs
1	set_context_in_filetype_cmd	0	1	crates/nvim/src/cmdexpand/context.rs
1	set_context_in_filter_cmd	0	1	crates/nvim/src/cmdexpand/context.rs
1	set_context_in_highlight_cmd	0	1	crates/nvim/src/highlight_group/list.rs
1	set_context_in_lang_cmd	0	1	crates/nvim/src/cmdexpand/context.rs
1	set_context_in_match_cmd	0	1	crates/nvim/src/cmdexpand/context.rs
1	set_context_in_profile_cmd	0	1	crates/nvim/src/profile/mod.rs
1	set_context_in_scriptnames_cmd	0	1	crates/nvim/src/cmdexpand/context.rs
1	set_context_in_syntax_cmd	0	1	crates/nvim/src/syntax/query.rs
1	set_context_in_unlet_cmd	0	1	crates/nvim/src/cmdexpand/context.rs
1	set_context_in_user_cmd	0	1	crates/nvim/src/usercmd/complete.rs
1	set_context_in_user_cmdarg	0	1	crates/nvim/src/usercmd/complete.rs
1	set_cpt_callbacks	0	1	crates/nvim/src/insexpand/callbacks.rs
1	set_current_funccal	0	1	crates/nvim/src/eval/userfunc/funccall.rs
1	set_file_context	0	1	crates/nvim/src/option/expand.rs
1	set_helplang_default	0	1	crates/nvim/src/option/defaults.rs
1	set_last_csearch	0	1	crates/nvim/src/search/charsearch.rs
1	set_last_insert	1	1	crates/nvim/src/edit/lastins.rs
1	set_last_search_pat	0	1	crates/nvim/src/search/pattern.rs
1	set_map_str	1	1	crates/nvim/src/spellfile/sections.rs
1	set_maparg_rhs	0	1	crates/nvim/src/mapping/args.rs
1	set_one_cmd_context	0	1	crates/nvim/src/cmdexpand/cmdname.rs
1	set_pen_attr	1	1	crates/nvim/src/vterm/pen.rs
1	set_put	0	1	crates/nvim/src/map/mod.rs
1	set_ref_in_callback_reader	0	1	crates/nvim/src/eval/callback.rs
1	set_ref_in_item_dict	0	1	crates/nvim/src/eval/collect.rs
1	set_ref_in_item_list	0	1	crates/nvim/src/eval/collect.rs
1	set_ref_in_item_partial	0	1	crates/nvim/src/eval/collect.rs
1	set_ref_in_list_items	0	1	crates/nvim/src/eval/collect.rs
1	set_retab_tabstop	1	1	crates/nvim/src/indent/edit.rs
1	set_search_pattern	1	1	crates/nvim/src/search/pattern.rs
1	set_substitute_pattern	1	1	crates/nvim/src/search/pattern.rs
1	set_tagstack	0	1	crates/nvim/src/tag/stack.rs
1	set_tty_option	0	1	crates/nvim/src/option/set.rs
1	set_vim_var_dict	0	0	
1	set_vim_var_list	0	0	
1	set_vim_var_partial	0	1	crates/nvim/src/eval/vars/vvar.rs
1	set_vvar_item	0	1	crates/nvim/src/eval/vars/vvar.rs
1	set_whole_var	0	1	crates/nvim/src/eval/lval/assign.rs
1	set_window_layout	0	1	crates/nvim/src/startup/args.rs
1	setbuf	0	0	
1	setpenattr	0	1	crates/nvim/src/vterm/screen/callbacks.rs
1	settermprop	0	1	crates/nvim/src/vterm/screen/callbacks.rs
1	setxattr	0	0	
1	shada_init_jumps	0	1	crates/nvim/src/shada/collect.rs
1	shada_read_when_writing	0	1	crates/nvim/src/shada/merge.rs
1	shada_write	0	1	crates/nvim/src/shada/write.rs
1	shell_argv_to_str	0	1	crates/nvim/src/os/shell/mod.rs
1	shorten_dir	0	1	crates/nvim/src/path/unique.rs
1	show_debug_banner	0	1	crates/nvim/src/debugger/mode.rs
1	show_include_name	0	1	crates/nvim/src/search/includes.rs
1	show_one	1	1	crates/nvim/src/option/set_cmd.rs
1	show_suggestion	0	1	crates/nvim/src/spellsuggest/prompt.rs
1	showbreak_head	0	1	crates/nvim/src/plines/mod.rs
1	showmatch	0	0	
1	showmatches_oneline	0	1	crates/nvim/src/cmdexpand/showmatch.rs
1	sign_define_cmd	0	1	crates/nvim/src/sign/command.rs
1	sign_define_from_dict	0	1	crates/nvim/src/sign/vimscript.rs
1	sign_is_defined	0	1	crates/nvim/src/sign/store.rs
1	sign_jump_cmd	0	1	crates/nvim/src/sign/command.rs
1	sign_list_by_name	0	1	crates/nvim/src/sign/command.rs
1	sign_list_placed	0	1	crates/nvim/src/sign/command.rs
1	sign_place_cmd	0	1	crates/nvim/src/sign/command.rs
1	sign_place_from_dict	0	1	crates/nvim/src/sign/vimscript.rs
1	sign_unplace	0	1	crates/nvim/src/sign/place.rs
1	sign_unplace_cmd	0	1	crates/nvim/src/sign/command.rs
1	sign_unplace_from_dict	0	1	crates/nvim/src/sign/vimscript.rs
1	signal_event	0	1	crates/nvim/src/event/signal.rs
1	skip_colon_white	0	1	crates/nvim/src/ex_docmd/scan.rs
1	skip_regexp_err	0	1	crates/nvim/src/regexp/parse.rs
1	skip_to_arg	0	1	crates/nvim/src/strings/printf/spec.rs
1	skip_to_newline	0	1	crates/nvim/src/charset/walk.rs
1	skiphex	0	1	crates/nvim/src/charset/walk.rs
1	skipwhite_len	0	1	crates/nvim/src/charset/walk.rs
1	slang_alloc	0	1	crates/nvim/src/spell/slang.rs
1	smart_indent	0	1	crates/nvim/src/change/open_line/smart.rs
1	socket_alive	0	1	crates/nvim/src/event/socket/mod.rs
1	socket_watcher_accept	0	1	crates/nvim/src/event/socket/mod.rs
1	socket_watcher_start	0	1	crates/nvim/src/event/socket/mod.rs
1	sorts_before	0	1	crates/nvim/src/spellfile/wordtree.rs
1	soundfold_find	0	1	crates/nvim/src/spellsuggest/soundalike.rs
1	source_autocmds	0	1	crates/nvim/src/runtime/source.rs
1	source_bracket	0	1	crates/nvim/src/runtime/source.rs
1	source_breakpoint	0	1	crates/nvim/src/runtime/source.rs
1	source_callback_vim_lua	0	1	crates/nvim/src/runtime/search.rs
1	source_dbg_tick	0	1	crates/nvim/src/runtime/source.rs
1	source_in_path_vim_lua	0	1	crates/nvim/src/runtime/search.rs
1	source_init_pair	0	1	crates/nvim/src/startup/config.rs
1	source_level	0	1	crates/nvim/src/runtime/source.rs
1	source_name	0	1	crates/nvim/src/runtime/source.rs
1	source_startup_scripts	0	1	crates/nvim/src/startup/config.rs
1	special_feature	0	1	crates/nvim/src/eval/funcs/runtime.rs
1	spell_edit_score_limit	0	1	crates/nvim/src/spellsuggest/score.rs
1	spell_free_aff	1	1	crates/nvim/src/spellfile/flags.rs
1	spell_load_lang	0	1	crates/nvim/src/spell/lang.rs
1	spell_make_sugfile	0	1	crates/nvim/src/spellfile/sugfile.rs
1	spell_read_aff	0	1	crates/nvim/src/spellfile/aff.rs
1	spell_reload_one	0	1	crates/nvim/src/spellfile/read.rs
1	spell_soundfold_sofo	0	1	crates/nvim/src/spell/soundfold.rs
1	spell_suggest_expr	0	1	crates/nvim/src/spellsuggest/sps.rs
1	spell_suggest_file	0	1	crates/nvim/src/spellsuggest/sps.rs
1	spell_to_word_end	0	1	crates/nvim/src/spell/check.rs
1	splice_bound	0	1	crates/nvim/src/eval/userfunc/dispatch.rs
1	splice_cached_path	0	1	crates/nvim/src/runtime/pack.rs
1	splice_rtp	0	1	crates/nvim/src/runtime/pack.rs
1	split_into	0	1	crates/nvim/src/eval/funcs/strings.rs
1	split_wild_component	1	1	crates/nvim/src/path/glob.rs
1	stage_error	0	1	crates/nvim/src/lua/api_wrappers/mod.rs
1	star	0	1	crates/nvim/src/regexp/bt/resume.rs
1	start_arrow_with_change	0	1	crates/nvim/src/edit/undo.rs
1	start_job_streams	0	1	crates/nvim/src/channel/open.rs
1	start_lookbehind	0	1	crates/nvim/src/regexp/nfa/run.rs
1	starting_dir	0	1	crates/nvim/src/file_search/init.rs
1	starts_continuation	0	1	crates/nvim/src/runtime/script.rs
1	starts_with_cinword	0	0	
1	status_hl_id	0	1	crates/nvim/src/message/progress.rs
1	stl_alloc_click_defs	0	1	crates/nvim/src/statusline/mod.rs
1	stop_directories	0	1	crates/nvim/src/file_search/init.rs
1	store_counts	0	1	crates/nvim/src/ops/count.rs
1	store_for	1	1	crates/nvim/src/undo/store.rs
1	stored_glyph	0	1	crates/nvim/src/map_glyph_cache.rs
1	strcase_save	0	1	crates/nvim/src/strings/case.rs
1	striequal	0	1	crates/nvim/src/strings/mod.rs
1	string_convert_ext	0	1	crates/nvim/src/mbyte/convert.rs
1	string_fields	0	1	crates/nvim/src/tag/tagfunc.rs
1	string_slice	0	1	crates/nvim/src/eval/expr/index.rs
1	string_to_list	0	1	crates/nvim/src/eval/system.rs
1	strip_bom	0	1	crates/nvim/src/runtime/source.rs
1	stropt_concat_with_comma	0	1	crates/nvim/src/option/stropt.rs
1	stropt_copy_value	0	1	crates/nvim/src/option/stropt.rs
1	stropt_expand_envvar	0	1	crates/nvim/src/option/stropt.rs
1	stropt_get_newval	0	1	crates/nvim/src/option/stropt.rs
1	stropt_handle_keymatch	0	1	crates/nvim/src/option/stropt.rs
1	stropt_remove_dupflags	0	1	crates/nvim/src/option/stropt.rs
1	stropt_remove_val	0	1	crates/nvim/src/option/stropt.rs
1	strptime	0	0	
1	strrep	0	1	crates/nvim/src/strings/mod.rs
1	strtoul	0	0	
1	stuff_readbuf_one_line	0	1	crates/nvim/src/getchar/buffers.rs
1	stuff_redo_readbuf	0	1	crates/nvim/src/getchar/buffers.rs
1	stuff_yank	0	1	crates/nvim/src/register/exec.rs
1	sub_joining_lines	0	1	crates/nvim/src/ex_cmds/subst/parse.rs
1	sub_parse_flags	0	1	crates/nvim/src/ex_cmds/subst/parse.rs
1	sug_filltree	0	1	crates/nvim/src/spellfile/sugfile.rs
1	sug_write	0	1	crates/nvim/src/spellfile/sugfile.rs
1	swap	0	0	
1	swapfile_dict	0	1	crates/nvim/src/memline/block0.rs
1	swapfile_is_for_other_file	0	1	crates/nvim/src/memline/block0.rs
1	swapfile_unchanged	0	1	crates/nvim/src/memline/block0.rs
1	switch_to_mark_buf	0	1	crates/nvim/src/mark/lookup.rs
1	symlink	0	0	
1	syn_id2attr	0	0	
1	syn_sync	0	1	crates/nvim/src/syntax/sync.rs
1	sync_by_match	0	1	crates/nvim/src/syntax/sync.rs
1	tabpage_close_other	0	0	
1	tabstop_eq	0	1	crates/nvim/src/indent/mod.rs
1	tabstop_start	0	1	crates/nvim/src/indent/mod.rs
1	tag_details	0	1	crates/nvim/src/tag/stack.rs
1	tag_freematch	1	1	crates/nvim/src/tag/mod.rs
1	tag_of	0	1	crates/nvim/src/tag/tagfunc.rs
1	tag_strnicmp	0	1	crates/nvim/src/tag/parse.rs
1	take	0	1	crates/nvim/src/change/leader.rs
1	take_number	0	1	crates/nvim/src/option/set_cmd.rs
1	take_option_name	0	1	crates/nvim/src/option/expand.rs
1	target	0	0	
1	term_set_title	1	1	crates/nvim/src/terminal/callbacks.rs
1	terminal_buf	0	1	crates/nvim/src/terminal/mod.rs
1	terminal_check	0	1	crates/nvim/src/terminal/mode.rs
1	terminal_execute	0	1	crates/nvim/src/terminal/mode.rs
1	terminal_get_line_attributes	0	1	crates/nvim/src/terminal/mod.rs
1	terminal_notify_theme	0	1	crates/nvim/src/terminal/mod.rs
1	terminal_paste	0	1	crates/nvim/src/terminal/input.rs
1	terminal_suspended	0	1	crates/nvim/src/terminal/mod.rs
1	terminfo_fmt	0	1	crates/nvim/src/tui/terminfo/mod.rs
1	terminfo_info_msg	0	1	crates/nvim/src/tui/terminfo/mod.rs
1	termkey_interpret_mouse	0	1	crates/nvim/src/tui/termkey/driver_csi.rs
1	termkey_strfkey	0	1	crates/nvim/src/tui/termkey/termkey.rs
1	test_for_current	0	1	crates/nvim/src/tag/jump.rs
1	theme	0	1	crates/nvim/src/vterm/screen/callbacks.rs
1	thesaurus_add_words_in_line	0	1	crates/nvim/src/insexpand/sources.rs
1	time_init	0	1	crates/nvim/src/profile/startuptime.rs
1	time_start	0	1	crates/nvim/src/profile/startuptime.rs
1	timer_start	0	1	crates/nvim/src/eval/timer.rs
1	to_name_end	0	1	crates/nvim/src/eval/lval.rs
1	tokenize_line	0	1	crates/nvim/src/diff/refine.rs
1	towlower	1	1	crates/nvim/src/os/cshim.rs
1	towupper	1	1	crates/nvim/src/os/cshim.rs
1	trailing_line_number	0	1	crates/nvim/src/file_search/cursor.rs
1	transchar_byte_buf	0	0	
1	transchar_hex	0	1	crates/nvim/src/charset/display.rs
1	transchar_nonprint	0	1	crates/nvim/src/charset/display.rs
1	translate	0	1	crates/nvim/src/api/ui/redraw.rs
1	trim_exponent_width	1	1	crates/nvim/src/strings/printf/float.rs
1	trim_float	1	1	crates/nvim/src/strings/printf/float.rs
1	trim_match	0	1	crates/nvim/src/runtime/expand.rs
1	trim_path_separators	0	1	crates/nvim/src/undo/file.rs
1	trim_trailing_blanks	0	1	crates/nvim/src/help/mod.rs
1	truncate_old_line	0	1	crates/nvim/src/change/open_line/mod.rs
1	truncate_spaces	0	1	crates/nvim/src/edit/replace.rs
1	try_malloc	0	1	crates/nvim/src/memory/mod.rs
1	try_suffixes	0	1	crates/nvim/src/file_search/resolve.rs
1	tui_add_url	0	1	crates/nvim/src/tui/attrs.rs
1	tui_is_stopped	0	1	crates/nvim/src/tui/tui.rs
1	tui_start	0	1	crates/nvim/src/tui/tui.rs
1	tui_stop	0	1	crates/nvim/src/tui/tui.rs
1	tui_terminal_after_startup	0	1	crates/nvim/src/tui/tui.rs
1	tui_wait_ready	0	1	crates/nvim/src/tui/tui.rs
1	tv_callback_equal	0	1	crates/nvim/src/eval/typval/watcher.rs
1	tv_check_lock	0	1	crates/nvim/src/eval/typval/value.rs
1	tv_dict_item_copy	0	1	crates/nvim/src/eval/typval/dictitem.rs
1	tv_dict_remove	0	1	crates/nvim/src/eval/typval/dict.rs
1	tv_dict_set_ret	0	1	crates/nvim/src/eval/typval/access.rs
1	tv_dict_watcher_matches	0	1	crates/nvim/src/eval/typval/watcher.rs
1	tv_equal	0	0	
1	tv_op_blob	0	1	crates/nvim/src/eval/executor.rs
1	tv_op_float	0	1	crates/nvim/src/eval/executor.rs
1	tv_op_list	0	1	crates/nvim/src/eval/executor.rs
1	tv_op_number	0	1	crates/nvim/src/eval/executor.rs
1	tv_op_string	0	1	crates/nvim/src/eval/executor.rs
1	tv_strlen	0	0	
1	typval2string	0	1	crates/nvim/src/eval/entry.rs
1	typval_compare	0	0	
1	tzset	0	0	
1	u_save_line	0	1	crates/nvim/src/undo/tree.rs
1	uc_check_code	0	1	crates/nvim/src/usercmd/expand.rs
1	uc_list	0	1	crates/nvim/src/usercmd/list.rs
1	uc_mods	0	1	crates/nvim/src/usercmd/expand.rs
1	uc_scan_attr	0	1	crates/nvim/src/usercmd/attr.rs
1	uf_name_ptr	0	0	
1	ui_attach	1	1	crates/nvim/src/api/ui/mod.rs
1	ui_attach_impl	0	1	crates/nvim/src/ui/mod.rs
1	ui_call_raw_line	0	1	crates/nvim/src/ui/sinks.rs
1	ui_client_attach	0	1	crates/nvim/src/ui_client.rs
1	ui_client_event_raw_line	0	1	crates/nvim/src/ui_client.rs
1	ui_client_get_redraw_handler	0	1	crates/nvim/src/ui_client.rs
1	ui_client_start_server	0	1	crates/nvim/src/ui_client.rs
1	ui_comp_attach	0	1	crates/nvim/src/ui_compositor/mod.rs
1	ui_comp_detach	0	1	crates/nvim/src/ui_compositor/mod.rs
1	ui_comp_get_grid_at_coord	0	1	crates/nvim/src/ui_compositor/mod.rs
1	ui_comp_mouse_focus	0	1	crates/nvim/src/ui_compositor/mod.rs
1	ui_comp_msg_set_pos	1	1	crates/nvim/src/ui_compositor/mod.rs
1	ui_comp_raw_line	0	1	crates/nvim/src/ui_compositor/mod.rs
1	ui_detach_impl	0	1	crates/nvim/src/ui/mod.rs
1	ui_pum_get_pos	0	1	crates/nvim/src/ui/mod.rs
1	ui_send_all_hls	0	1	crates/nvim/src/highlight/mod.rs
1	undo_capture	1	1	crates/nvim/src/regexp/bt/resume.rs
1	undo_cmdmod	0	0	
1	undo_read_time	0	1	crates/nvim/src/undo/file.rs
1	unescape	0	0	
1	unescape_k_special	0	1	crates/nvim/src/usercmd/expand.rs
1	uniquefy_paths	0	1	crates/nvim/src/path/unique.rs
1	unlink_entry	0	1	crates/nvim/src/syntax/stack.rs
1	unload_dummy_buffer	0	1	crates/nvim/src/quickfix/dummy.rs
1	unpack_field	0	1	crates/nvim/src/msgpack_rpc/unpacker/keydict.rs
1	unpack_keydict	0	1	crates/nvim/src/msgpack_rpc/unpacker/keydict.rs
1	unpack_string_array	0	1	crates/nvim/src/msgpack_rpc/unpacker/keydict.rs
1	unpacker_advance	0	1	crates/nvim/src/msgpack_rpc/unpacker/mod.rs
1	unpacker_init	0	1	crates/nvim/src/msgpack_rpc/unpacker/mod.rs
1	unpacker_parse_header	0	1	crates/nvim/src/msgpack_rpc/unpacker/mod.rs
1	unpacker_parse_redraw	0	1	crates/nvim/src/msgpack_rpc/unpacker/redraw.rs
1	unpacker_teardown	0	1	crates/nvim/src/msgpack_rpc/unpacker/mod.rs
1	unserialize_extmark	0	1	crates/nvim/src/undo/file.rs
1	unserialize_uep	0	1	crates/nvim/src/undo/file.rs
1	unserialize_uhp	0	1	crates/nvim/src/undo/file.rs
1	unserialize_visualinfo	0	1	crates/nvim/src/undo/file.rs
1	update_placements	0	1	crates/nvim/src/sign/store.rs
1	update_search_hl	0	1	crates/nvim/src/match/searchhl.rs
1	update_search_stat	0	0	
1	user_expand_func	0	0	
1	utf8_to_latin	0	1	crates/nvim/src/mbyte/convert.rs
1	utf_ambiguous_width	0	1	crates/nvim/src/mbyte/cells.rs
1	utf_cp_bounds_len	0	1	crates/nvim/src/mbyte/walk.rs
1	utf_eat_space	0	0	
1	utf_valid_string	0	1	crates/nvim/src/mbyte/mod.rs
1	utfc_next_impl	1	1	crates/nvim/src/mbyte/walk.rs
1	utfc_ptrlen2schar	0	1	crates/nvim/src/mbyte/utf8/mod.rs
1	uv_accept	0	0	
1	uv_chdir	0	0	
1	uv_cwd	0	0	
1	uv_dlclose	0	0	
1	uv_err_name	0	0	
1	uv_exepath	0	0	
1	uv_fs_chmod	0	0	
1	uv_fs_chown	0	0	
1	uv_fs_close	0	0	
1	uv_fs_copyfile	0	0	
1	uv_fs_fchown	0	0	
1	uv_fs_fstat	0	0	
1	uv_fs_fsync	0	0	
1	uv_fs_mkdir	0	0	
1	uv_fs_mkdtemp	0	0	
1	uv_fs_open	0	0	
1	uv_fs_realpath	0	0	
1	uv_fs_rename	0	0	
1	uv_fs_rmdir	0	0	
1	uv_fs_scandir	0	0	
1	uv_fs_scandir_next	0	0	
1	uv_fs_stat	0	0	
1	uv_fs_unlink	0	0	
1	uv_fs_utime	0	0	
1	uv_guess_handle	0	0	
1	uv_hrtime	0	0	
1	uv_idle_stop	0	0	
1	uv_kill	0	0	
1	uv_loop_init	0	0	
1	uv_mutex_init	0	0	
1	uv_now	0	0	
1	uv_pipe	0	0	
1	uv_pipe_open	0	0	
1	uv_print_all_handles	0	0	
1	uv_random	0	0	
1	uv_recv_buffer_size	0	0	
1	uv_run	0	0	
1	uv_signal_init	0	0	
1	uv_signal_start	0	0	
1	uv_spawn	0	0	
1	uv_stop	0	0	
1	uv_stream_get_write_queue_size	0	0	
1	uv_tcp_bind	0	0	
1	uv_tcp_getsockname	0	0	
1	uv_timer_init	0	0	
1	uv_tty_set_mode	0	0	
1	uv_unref	0	0	
1	uv_uptime	0	0	
1	v_exception	0	1	crates/nvim/src/eval/vars/vvar.rs
1	v_throwpoint	0	1	crates/nvim/src/eval/vars/vvar.rs
1	valid_diff	0	1	crates/nvim/src/diff/block.rs
1	valid_filetype	0	0	
1	valid_spellfile	0	1	crates/nvim/src/spell/lang.rs
1	valid_yank_reg	0	0	
1	validate_opt_idx	0	1	crates/nvim/src/option/set_cmd.rs
1	var_redir_start	0	1	crates/nvim/src/eval/vars/redir.rs
1	var_set_global	0	1	crates/nvim/src/eval/echo.rs
1	vcol2col	0	1	crates/nvim/src/mouse/find.rs
1	version_msg	0	0	
1	vim_chdir	0	1	crates/nvim/src/file_search/chdir.rs
1	vim_dialog_yesnoallcancel	0	1	crates/nvim/src/message/dialog.rs
1	vim_dialog_yesnocancel	0	1	crates/nvim/src/message/dialog.rs
1	vim_findfile_free_visited	0	1	crates/nvim/src/file_search/init.rs
1	vim_findfile_init	0	1	crates/nvim/src/file_search/init.rs
1	vim_get_prefix_from_exepath	0	1	crates/nvim/src/os/env/dirs.rs
1	vim_is_fname_char	0	0	
1	vim_isblankline	0	1	crates/nvim/src/charset/walk.rs
1	vim_mkdir_emsg	0	1	crates/nvim/src/ex_docmd/argopt.rs
1	vim_regsub	0	1	crates/nvim/src/regexp/substitute.rs
1	vim_settempdir	0	1	crates/nvim/src/fileio/tempfile.rs
1	vim_strcpy_up	0	1	crates/nvim/src/strings/case.rs
1	vim_strncpy_up	0	1	crates/nvim/src/strings/case.rs
1	viml_parser_advance	0	0	
1	viml_parser_get_remaining_line	0	1	crates/nvim/src/viml/parser/parser.rs
1	viml_pexpr_next_token	0	1	crates/nvim/src/viml/parser/expressions/lexer.rs
1	vimrc_found	0	1	crates/nvim/src/option/query.rs
1	virtualedit_tail	0	1	crates/nvim/src/eval/funcs/position.rs
1	vreplace_extent	0	1	crates/nvim/src/change/text.rs
1	vreplace_restore	0	1	crates/nvim/src/indent/edit.rs
1	vterm_free	0	1	crates/nvim/src/vterm/vterm.rs
1	vterm_input_write	0	1	crates/nvim/src/vterm/parser.rs
1	vterm_keyboard_key	0	1	crates/nvim/src/vterm/keyboard.rs
1	vterm_keyboard_unichar	0	1	crates/nvim/src/vterm/keyboard.rs
1	vterm_mouse_button	0	1	crates/nvim/src/vterm/mouse.rs
1	vterm_mouse_move	0	1	crates/nvim/src/vterm/mouse.rs
1	vterm_parser_set_callbacks	0	1	crates/nvim/src/vterm/parser.rs
1	vterm_screen_flush_damage	0	1	crates/nvim/src/vterm/screen/mod.rs
1	vterm_screen_free	0	1	crates/nvim/src/vterm/screen/mod.rs
1	vterm_set_size	0	1	crates/nvim/src/vterm/vterm.rs
1	vterm_state_focus_in	0	1	crates/nvim/src/vterm/state/entry.rs
1	vterm_state_focus_out	0	1	crates/nvim/src/vterm/state/entry.rs
1	vterm_state_free	0	1	crates/nvim/src/vterm/state/entry.rs
1	vterm_state_new	0	1	crates/nvim/src/vterm/state/entry.rs
1	vterm_state_reset	0	1	crates/nvim/src/vterm/state/entry.rs
1	vterm_state_set_callbacks	0	1	crates/nvim/src/vterm/state/entry.rs
1	vterm_state_set_selection_callbacks	0	1	crates/nvim/src/vterm/state/entry.rs
1	vterm_state_set_unrecognised_fallbacks	0	1	crates/nvim/src/vterm/state/entry.rs
1	waitpid	0	0	
1	want_backup_copy	0	1	crates/nvim/src/bufwrite/backup.rs
1	wanted_language	0	1	crates/nvim/src/quickfix/helpgrep.rs
1	wants_path_search	0	1	crates/nvim/src/path/expand.rs
1	watch_changed	0	1	crates/nvim/src/debugger/mod.rs
1	watcher_addr	0	1	crates/nvim/src/msgpack_rpc/server.rs
1	whitechar	0	0	
1	wildcard_tail	0	1	crates/nvim/src/file_search/init.rs
1	wildescape	0	1	crates/nvim/src/cmdexpand/escape.rs
1	wildmenu_process_key	0	1	crates/nvim/src/cmdexpand/wildkey.rs
1	wildmenu_process_key_filenames	0	1	crates/nvim/src/cmdexpand/wildkey.rs
1	wildmenu_process_key_menunames	0	1	crates/nvim/src/cmdexpand/wildkey.rs
1	wildmenu_translate_key	0	1	crates/nvim/src/cmdexpand/wildkey.rs
1	win_config_float	0	0	
1	win_update_cursorline	0	1	crates/nvim/src/drawscreen/mod.rs
1	wipe_qf_buffer	0	1	crates/nvim/src/quickfix/stack.rs
1	with_sign	0	1	crates/nvim/src/sign/store.rs
1	word_matches	0	1	crates/nvim/src/indent_c/keys.rs
1	word_number_to_letters	0	1	crates/nvim/src/spellsuggest/soundalike.rs
1	write_chunk	1	1	crates/nvim/src/mpack/mpack_core.rs
1	write_list	0	1	crates/nvim/src/eval/funcs/register.rs
1	write_rc	0	1	crates/nvim/src/ex_session/mod.rs
1	write_tags	0	1	crates/nvim/src/help/tags.rs
1	write_tree	0	1	crates/nvim/src/undo/write.rs
1	write_undo_file	0	1	crates/nvim/src/undo/write.rs
1	write_vim_spell	0	1	crates/nvim/src/spellfile/write.rs
1	wstream_init_fd	0	1	crates/nvim/src/event/wstream.rs
1	xdl_diff	0	1	crates/nvim/src/xdiff/ffi.rs
1	xmemrchr	0	1	crates/nvim/src/memory/mod.rs
1	xmemscan	0	1	crates/nvim/src/memory/mod.rs
